,Name,num,hp,atk,def,spa,spd,spe,abilitie1,abilitie2,abilitieH,tier,Bug,Dark,Dragon,Electric,Fairy,Fighting,Fire,Flying,Ghost,Grass,Ground,Ice,Normal,Poison,Psychic,Rock,Steel,Water
0,Bulbasaur,1,45,49,49,65,65,45,Overgrow,none,Chlorophyll,weak,0,0,0,0,0,0,0,0,0,1,0,0,0,1,0,0,0,0
1,Ivysaur,2,60,62,63,80,80,60,Overgrow,none,Chlorophyll,weak,0,0,0,0,0,0,0,0,0,1,0,0,0,1,0,0,0,0
2,Venusaur,3,80,82,83,100,100,80,Overgrow,none,Chlorophyll,medium,0,0,0,0,0,0,0,0,0,1,0,0,0,1,0,0,0,0
3,Venusaur-Gmax,3,80,82,83,100,100,80,Overgrow,none,Chlorophyll,strong,0,0,0,0,0,0,0,0,0,1,0,0,0,1,0,0,0,0
4,Charmander,4,39,52,43,60,50,65,Blaze,none,Solar Power,weak,0,0,0,0,0,0,1,0,0,0,0,0,0,0,0,0,0,0
5,Charmeleon,5,58,64,58,80,65,80,Blaze,none,Solar Power,weak,0,0,0,0,0,0,1,0,0,0,0,0,0,0,0,0,0,0
6,Charizard,6,78,84,78,109,85,100,Blaze,none,Solar Power,weak,0,0,0,0,0,0,1,1,0,0,0,0,0,0,0,0,0,0
7,Charizard-Gmax,6,78,84,78,109,85,100,Blaze,none,Solar Power,strong,0,0,0,0,0,0,1,1,0,0,0,0,0,0,0,0,0,0
8,Squirtle,7,44,48,65,50,64,43,Torrent,none,Rain Dish,weak,0,0,0,0,0,0,0,0,0,0,0,0,0,0,0,0,0,1
9,Wartortle,8,59,63,80,65,80,58,Torrent,none,Rain Dish,weak,0,0,0,0,0,0,0,0,0,0,0,0,0,0,0,0,0,1
10,Blastoise,9,79,83,100,85,105,78,Torrent,none,Rain Dish,medium,0,0,0,0,0,0,0,0,0,0,0,0,0,0,0,0,0,1
11,Blastoise-Gmax,9,79,83,100,85,105,78,Torrent,none,Rain Dish,strong,0,0,0,0,0,0,0,0,0,0,0,0,0,0,0,0,0,1
12,Caterpie,10,45,30,35,20,20,45,Shield Dust,none,Run Away,weak,1,0,0,0,0,0,0,0,0,0,0,0,0,0,0,0,0,0
13,Metapod,11,50,20,55,25,25,30,Shed Skin,none,none,weak,1,0,0,0,0,0,0,0,0,0,0,0,0,0,0,0,0,0
14,Butterfree,12,60,45,50,90,80,70,Compound Eyes,none,Tinted Lens,weak,1,0,0,0,0,0,0,1,0,0,0,0,0,0,0,0,0,0
15,Butterfree-Gmax,12,60,45,50,90,80,70,Compound Eyes,none,Tinted Lens,strong,1,0,0,0,0,0,0,1,0,0,0,0,0,0,0,0,0,0
16,Pikachu,25,35,55,40,50,50,90,Static,none,Lightning Rod,weak,0,0,0,1,0,0,0,0,0,0,0,0,0,0,0,0,0,0
17,Pikachu-Original,25,35,55,40,50,50,90,Static,none,Lightning Rod,weak,0,0,0,1,0,0,0,0,0,0,0,0,0,0,0,0,0,0
18,Pikachu-Hoenn,25,35,55,40,50,50,90,Static,none,Lightning Rod,weak,0,0,0,1,0,0,0,0,0,0,0,0,0,0,0,0,0,0
19,Pikachu-Sinnoh,25,35,55,40,50,50,90,Static,none,Lightning Rod,weak,0,0,0,1,0,0,0,0,0,0,0,0,0,0,0,0,0,0
20,Pikachu-Unova,25,35,55,40,50,50,90,Static,none,Lightning Rod,weak,0,0,0,1,0,0,0,0,0,0,0,0,0,0,0,0,0,0
21,Pikachu-Kalos,25,35,55,40,50,50,90,Static,none,Lightning Rod,weak,0,0,0,1,0,0,0,0,0,0,0,0,0,0,0,0,0,0
22,Pikachu-Alola,25,35,55,40,50,50,90,Static,none,Lightning Rod,weak,0,0,0,1,0,0,0,0,0,0,0,0,0,0,0,0,0,0
23,Pikachu-Partner,25,35,55,40,50,50,90,Static,none,Lightning Rod,weak,0,0,0,1,0,0,0,0,0,0,0,0,0,0,0,0,0,0
24,Pikachu-Gmax,25,35,55,40,50,50,90,Static,none,Lightning Rod,strong,0,0,0,1,0,0,0,0,0,0,0,0,0,0,0,0,0,0
25,Pikachu-World,25,35,55,40,50,50,90,Static,none,Lightning Rod,weak,0,0,0,1,0,0,0,0,0,0,0,0,0,0,0,0,0,0
26,Raichu,26,60,90,55,90,80,110,Static,none,Lightning Rod,weak,0,0,0,1,0,0,0,0,0,0,0,0,0,0,0,0,0,0
27,Raichu-Alola,26,60,85,50,95,85,110,Surge Surfer,none,none,weak,0,0,0,1,0,0,0,0,0,0,0,0,0,0,1,0,0,0
28,Sandshrew,27,50,75,85,20,30,40,Sand Veil,none,Sand Rush,weak,0,0,0,0,0,0,0,0,0,0,1,0,0,0,0,0,0,0
29,Sandshrew-Alola,27,50,75,90,10,35,40,Snow Cloak,none,Slush Rush,weak,0,0,0,0,0,0,0,0,0,0,0,1,0,0,0,0,1,0
30,Sandslash,28,75,100,110,45,55,65,Sand Veil,none,Sand Rush,weak,0,0,0,0,0,0,0,0,0,0,1,0,0,0,0,0,0,0
31,Sandslash-Alola,28,75,100,120,25,65,65,Snow Cloak,none,Slush Rush,weak,0,0,0,0,0,0,0,0,0,0,0,1,0,0,0,0,1,0
32,Nidoran-F,29,55,47,52,40,40,41,Poison Point,Rivalry,Hustle,weak,0,0,0,0,0,0,0,0,0,0,0,0,0,1,0,0,0,0
33,Nidorina,30,70,62,67,55,55,56,Poison Point,Rivalry,Hustle,weak,0,0,0,0,0,0,0,0,0,0,0,0,0,1,0,0,0,0
34,Nidoqueen,31,90,92,87,75,85,76,Poison Point,Rivalry,Sheer Force,strong,0,0,0,0,0,0,0,0,0,0,1,0,0,1,0,0,0,0
35,Nidoran-M,32,46,57,40,40,40,50,Poison Point,Rivalry,Hustle,weak,0,0,0,0,0,0,0,0,0,0,0,0,0,1,0,0,0,0
36,Nidorino,33,61,72,57,55,55,65,Poison Point,Rivalry,Hustle,weak,0,0,0,0,0,0,0,0,0,0,0,0,0,1,0,0,0,0
37,Nidoking,34,81,102,77,85,75,85,Poison Point,Rivalry,Sheer Force,strong,0,0,0,0,0,0,0,0,0,0,1,0,0,1,0,0,0,0
38,Clefairy,35,70,45,48,60,65,35,Cute Charm,Magic Guard,Friend Guard,weak,0,0,0,0,1,0,0,0,0,0,0,0,0,0,0,0,0,0
39,Clefable,36,95,70,73,95,90,60,Cute Charm,Magic Guard,Unaware,strong,0,0,0,0,1,0,0,0,0,0,0,0,0,0,0,0,0,0
40,Vulpix,37,38,41,40,50,65,65,Flash Fire,none,Drought,weak,0,0,0,0,0,0,1,0,0,0,0,0,0,0,0,0,0,0
41,Vulpix-Alola,37,38,41,40,50,65,65,Snow Cloak,none,Snow Warning,weak,0,0,0,0,0,0,0,0,0,0,0,1,0,0,0,0,0,0
42,Ninetales,38,73,76,75,81,100,100,Flash Fire,none,Drought,weak,0,0,0,0,0,0,1,0,0,0,0,0,0,0,0,0,0,0
43,Ninetales-Alola,38,73,67,75,81,100,109,Snow Cloak,none,Snow Warning,strong,0,0,0,0,1,0,0,0,0,0,0,1,0,0,0,0,0,0
44,Jigglypuff,39,115,45,20,45,25,20,Cute Charm,Competitive,Friend Guard,weak,0,0,0,0,1,0,0,0,0,0,0,0,1,0,0,0,0,0
45,Wigglytuff,40,140,70,45,85,50,45,Cute Charm,Competitive,Frisk,weak,0,0,0,0,1,0,0,0,0,0,0,0,1,0,0,0,0,0
46,Zubat,41,40,45,35,30,40,55,Inner Focus,none,Infiltrator,weak,0,0,0,0,0,0,0,1,0,0,0,0,0,1,0,0,0,0
47,Golbat,42,75,80,70,65,75,90,Inner Focus,none,Infiltrator,weak,0,0,0,0,0,0,0,1,0,0,0,0,0,1,0,0,0,0
48,Oddish,43,45,50,55,75,65,30,Chlorophyll,none,Run Away,weak,0,0,0,0,0,0,0,0,0,1,0,0,0,1,0,0,0,0
49,Gloom,44,60,65,70,85,75,40,Chlorophyll,none,Stench,weak,0,0,0,0,0,0,0,0,0,1,0,0,0,1,0,0,0,0
50,Vileplume,45,75,80,85,110,90,50,Chlorophyll,none,Effect Spore,medium,0,0,0,0,0,0,0,0,0,1,0,0,0,1,0,0,0,0
51,Diglett,50,10,55,25,35,45,95,Sand Veil,Arena Trap,Sand Force,weak,0,0,0,0,0,0,0,0,0,0,1,0,0,0,0,0,0,0
52,Diglett-Alola,50,10,55,30,35,45,90,Sand Veil,Tangling Hair,Sand Force,weak,0,0,0,0,0,0,0,0,0,0,1,0,0,0,0,0,1,0
53,Dugtrio,51,35,100,50,50,70,120,Sand Veil,Arena Trap,Sand Force,weak,0,0,0,0,0,0,0,0,0,0,1,0,0,0,0,0,0,0
54,Dugtrio-Alola,51,35,100,60,50,70,110,Sand Veil,Tangling Hair,Sand Force,weak,0,0,0,0,0,0,0,0,0,0,1,0,0,0,0,0,1,0
55,Meowth,52,40,45,35,40,40,90,Pickup,Technician,Unnerve,weak,0,0,0,0,0,0,0,0,0,0,0,0,1,0,0,0,0,0
56,Meowth-Alola,52,40,35,35,50,40,90,Pickup,Technician,Rattled,weak,0,1,0,0,0,0,0,0,0,0,0,0,0,0,0,0,0,0
57,Meowth-Galar,52,50,65,55,40,40,40,Pickup,Tough Claws,Unnerve,weak,0,0,0,0,0,0,0,0,0,0,0,0,0,0,0,0,1,0
58,Meowth-Gmax,52,40,45,35,40,40,90,Pickup,Technician,Unnerve,strong,0,0,0,0,0,0,0,0,0,0,0,0,1,0,0,0,0,0
59,Persian,53,65,70,60,65,65,115,Limber,Technician,Unnerve,weak,0,0,0,0,0,0,0,0,0,0,0,0,1,0,0,0,0,0
60,Persian-Alola,53,65,60,60,75,65,115,Fur Coat,Technician,Rattled,weak,0,1,0,0,0,0,0,0,0,0,0,0,0,0,0,0,0,0
61,Psyduck,54,50,52,48,65,50,55,Damp,Cloud Nine,Swift Swim,weak,0,0,0,0,0,0,0,0,0,0,0,0,0,0,0,0,0,1
62,Golduck,55,80,82,78,95,80,85,Damp,Cloud Nine,Swift Swim,weak,0,0,0,0,0,0,0,0,0,0,0,0,0,0,0,0,0,1
63,Growlithe,58,55,70,45,70,50,60,Intimidate,Flash Fire,Justified,weak,0,0,0,0,0,0,1,0,0,0,0,0,0,0,0,0,0,0
64,Arcanine,59,90,110,80,100,80,95,Intimidate,Flash Fire,Justified,medium,0,0,0,0,0,0,1,0,0,0,0,0,0,0,0,0,0,0
65,Poliwag,60,40,50,40,40,40,90,Water Absorb,Damp,Swift Swim,weak,0,0,0,0,0,0,0,0,0,0,0,0,0,0,0,0,0,1
66,Poliwhirl,61,65,65,65,50,50,90,Water Absorb,Damp,Swift Swim,weak,0,0,0,0,0,0,0,0,0,0,0,0,0,0,0,0,0,1
67,Poliwrath,62,90,95,95,70,90,70,Water Absorb,Damp,Swift Swim,weak,0,0,0,0,0,1,0,0,0,0,0,0,0,0,0,0,0,1
68,Abra,63,25,20,15,105,55,90,Synchronize,Inner Focus,Magic Guard,weak,0,0,0,0,0,0,0,0,0,0,0,0,0,0,1,0,0,0
69,Kadabra,64,40,35,30,120,70,105,Synchronize,Inner Focus,Magic Guard,weak,0,0,0,0,0,0,0,0,0,0,0,0,0,0,1,0,0,0
70,Alakazam,65,55,50,45,135,95,120,Synchronize,Inner Focus,Magic Guard,strong,0,0,0,0,0,0,0,0,0,0,0,0,0,0,1,0,0,0
71,Machop,66,70,80,50,35,35,35,Guts,No Guard,Steadfast,weak,0,0,0,0,0,1,0,0,0,0,0,0,0,0,0,0,0,0
72,Machoke,67,80,100,70,50,60,45,Guts,No Guard,Steadfast,weak,0,0,0,0,0,1,0,0,0,0,0,0,0,0,0,0,0,0
73,Machamp,68,90,130,80,65,85,55,Guts,No Guard,Steadfast,weak,0,0,0,0,0,1,0,0,0,0,0,0,0,0,0,0,0,0
74,Machamp-Gmax,68,90,130,80,65,85,55,Guts,No Guard,Steadfast,strong,0,0,0,0,0,1,0,0,0,0,0,0,0,0,0,0,0,0
75,Tentacool,72,40,40,35,50,100,70,Clear Body,Liquid Ooze,Rain Dish,weak,0,0,0,0,0,0,0,0,0,0,0,0,0,1,0,0,0,1
76,Tentacruel,73,80,70,65,80,120,100,Clear Body,Liquid Ooze,Rain Dish,strong,0,0,0,0,0,0,0,0,0,0,0,0,0,1,0,0,0,1
77,Ponyta,77,50,85,55,65,65,90,Run Away,Flash Fire,Flame Body,weak,0,0,0,0,0,0,1,0,0,0,0,0,0,0,0,0,0,0
78,Ponyta-Galar,77,50,85,55,65,65,90,Run Away,Pastel Veil,Anticipation,weak,0,0,0,0,0,0,0,0,0,0,0,0,0,0,1,0,0,0
79,Rapidash,78,65,100,70,80,80,105,Run Away,Flash Fire,Flame Body,weak,0,0,0,0,0,0,1,0,0,0,0,0,0,0,0,0,0,0
80,Rapidash-Galar,78,65,100,70,80,80,105,Run Away,Pastel Veil,Anticipation,weak,0,0,0,0,1,0,0,0,0,0,0,0,0,0,1,0,0,0
81,Slowpoke,79,90,65,65,40,40,15,Oblivious,Own Tempo,Regenerator,weak,0,0,0,0,0,0,0,0,0,0,0,0,0,0,1,0,0,1
82,Slowpoke-Galar,79,90,65,65,40,40,15,Gluttony,Own Tempo,Regenerator,weak,0,0,0,0,0,0,0,0,0,0,0,0,0,0,1,0,0,0
83,Slowbro,80,95,75,110,100,80,30,Oblivious,Own Tempo,Regenerator,strong,0,0,0,0,0,0,0,0,0,0,0,0,0,0,1,0,0,1
84,Slowbro-Galar,80,95,100,95,100,70,30,Quick Draw,Own Tempo,Regenerator,medium,0,0,0,0,0,0,0,0,0,0,0,0,0,1,1,0,0,0
85,Magnemite,81,25,35,70,95,55,45,Magnet Pull,Sturdy,Analytic,weak,0,0,0,1,0,0,0,0,0,0,0,0,0,0,0,0,1,0
86,Magneton,82,50,60,95,120,70,70,Magnet Pull,Sturdy,Analytic,weak,0,0,0,1,0,0,0,0,0,0,0,0,0,0,0,0,1,0
87,Farfetch’d,83,52,90,55,58,62,60,Keen Eye,Inner Focus,Defiant,weak,0,0,0,0,0,0,0,1,0,0,0,0,1,0,0,0,0,0
88,Farfetch’d-Galar,83,52,95,55,58,62,55,Steadfast,none,Scrappy,weak,0,0,0,0,0,1,0,0,0,0,0,0,0,0,0,0,0,0
89,Shellder,90,30,65,100,45,25,40,Shell Armor,Skill Link,Overcoat,weak,0,0,0,0,0,0,0,0,0,0,0,0,0,0,0,0,0,1
90,Cloyster,91,50,95,180,85,45,70,Shell Armor,Skill Link,Overcoat,medium,0,0,0,0,0,0,0,0,0,0,0,1,0,0,0,0,0,1
91,Gastly,92,30,35,30,100,35,80,Levitate,none,none,weak,0,0,0,0,0,0,0,0,1,0,0,0,0,1,0,0,0,0
92,Haunter,93,45,50,45,115,55,95,Levitate,none,none,weak,0,0,0,0,0,0,0,0,1,0,0,0,0,1,0,0,0,0
93,Gengar,94,60,65,60,130,75,110,Cursed Body,none,none,strong,0,0,0,0,0,0,0,0,1,0,0,0,0,1,0,0,0,0
94,Gengar-Gmax,94,60,65,60,130,75,110,Cursed Body,none,none,strong,0,0,0,0,0,0,0,0,1,0,0,0,0,1,0,0,0,0
95,Onix,95,35,45,160,30,45,70,Rock Head,Sturdy,Weak Armor,weak,0,0,0,0,0,0,0,0,0,0,1,0,0,0,0,1,0,0
96,Krabby,98,30,105,90,25,25,50,Hyper Cutter,Shell Armor,Sheer Force,weak,0,0,0,0,0,0,0,0,0,0,0,0,0,0,0,0,0,1
97,Kingler,99,55,130,115,50,50,75,Hyper Cutter,Shell Armor,Sheer Force,weak,0,0,0,0,0,0,0,0,0,0,0,0,0,0,0,0,0,1
98,Kingler-Gmax,99,55,130,115,50,50,75,Hyper Cutter,Shell Armor,Sheer Force,strong,0,0,0,0,0,0,0,0,0,0,0,0,0,0,0,0,0,1
99,Exeggcute,102,60,40,80,60,45,40,Chlorophyll,none,Harvest,weak,0,0,0,0,0,0,0,0,0,1,0,0,0,0,1,0,0,0
100,Exeggutor,103,95,95,85,125,75,55,Chlorophyll,none,Harvest,weak,0,0,0,0,0,0,0,0,0,1,0,0,0,0,1,0,0,0
101,Exeggutor-Alola,103,95,105,85,125,75,45,Frisk,none,Harvest,weak,0,0,1,0,0,0,0,0,0,1,0,0,0,0,0,0,0,0
102,Cubone,104,50,50,95,40,50,35,Rock Head,Lightning Rod,Battle Armor,weak,0,0,0,0,0,0,0,0,0,0,1,0,0,0,0,0,0,0
103,Marowak,105,60,80,110,50,80,45,Rock Head,Lightning Rod,Battle Armor,weak,0,0,0,0,0,0,0,0,0,0,1,0,0,0,0,0,0,0
104,Marowak-Alola,105,60,80,110,50,80,45,Cursed Body,Lightning Rod,Rock Head,medium,0,0,0,0,0,0,1,0,1,0,0,0,0,0,0,0,0,0
105,Hitmonlee,106,50,120,53,35,110,87,Limber,Reckless,Unburden,weak,0,0,0,0,0,1,0,0,0,0,0,0,0,0,0,0,0,0
106,Hitmonchan,107,50,105,79,35,110,76,Keen Eye,Iron Fist,Inner Focus,weak,0,0,0,0,0,1,0,0,0,0,0,0,0,0,0,0,0,0
107,Lickitung,108,90,55,75,60,75,30,Own Tempo,Oblivious,Cloud Nine,weak,0,0,0,0,0,0,0,0,0,0,0,0,1,0,0,0,0,0
108,Koffing,109,40,65,95,60,45,35,Levitate,Neutralizing Gas,Stench,weak,0,0,0,0,0,0,0,0,0,0,0,0,0,1,0,0,0,0
109,Weezing,110,65,90,120,85,70,60,Levitate,Neutralizing Gas,Stench,weak,0,0,0,0,0,0,0,0,0,0,0,0,0,1,0,0,0,0
110,Weezing-Galar,110,65,90,120,85,70,60,Levitate,Neutralizing Gas,Misty Surge,medium,0,0,0,0,1,0,0,0,0,0,0,0,0,1,0,0,0,0
111,Rhyhorn,111,80,85,95,30,30,25,Lightning Rod,Rock Head,Reckless,weak,0,0,0,0,0,0,0,0,0,0,1,0,0,0,0,1,0,0
112,Rhydon,112,105,130,120,45,45,40,Lightning Rod,Rock Head,Reckless,weak,0,0,0,0,0,0,0,0,0,0,1,0,0,0,0,1,0,0
113,Chansey,113,250,5,5,35,105,50,Natural Cure,Serene Grace,Healer,strong,0,0,0,0,0,0,0,0,0,0,0,0,1,0,0,0,0,0
114,Tangela,114,65,55,115,100,40,60,Chlorophyll,Leaf Guard,Regenerator,weak,0,0,0,0,0,0,0,0,0,1,0,0,0,0,0,0,0,0
115,Kangaskhan,115,105,95,80,40,80,90,Early Bird,Scrappy,Inner Focus,weak,0,0,0,0,0,0,0,0,0,0,0,0,1,0,0,0,0,0
116,Horsea,116,30,40,70,70,25,60,Swift Swim,Sniper,Damp,weak,0,0,0,0,0,0,0,0,0,0,0,0,0,0,0,0,0,1
117,Seadra,117,55,65,95,95,45,85,Poison Point,Sniper,Damp,weak,0,0,0,0,0,0,0,0,0,0,0,0,0,0,0,0,0,1
118,Goldeen,118,45,67,60,35,50,63,Swift Swim,Water Veil,Lightning Rod,weak,0,0,0,0,0,0,0,0,0,0,0,0,0,0,0,0,0,1
119,Seaking,119,80,92,65,65,80,68,Swift Swim,Water Veil,Lightning Rod,weak,0,0,0,0,0,0,0,0,0,0,0,0,0,0,0,0,0,1
120,Staryu,120,30,45,55,70,55,85,Illuminate,Natural Cure,Analytic,weak,0,0,0,0,0,0,0,0,0,0,0,0,0,0,0,0,0,1
121,Starmie,121,60,75,85,100,85,115,Illuminate,Natural Cure,Analytic,medium,0,0,0,0,0,0,0,0,0,0,0,0,0,0,1,0,0,1
122,Mr. Mime,122,40,45,65,100,120,90,Soundproof,Filter,Technician,weak,0,0,0,0,1,0,0,0,0,0,0,0,0,0,1,0,0,0
123,Mr. Mime-Galar,122,50,65,65,90,90,100,Vital Spirit,Screen Cleaner,Ice Body,weak,0,0,0,0,0,0,0,0,0,0,0,1,0,0,1,0,0,0
124,Scyther,123,70,110,80,55,80,105,Swarm,Technician,Steadfast,weak,1,0,0,0,0,0,0,1,0,0,0,0,0,0,0,0,0,0
125,Jynx,124,65,50,35,115,95,95,Oblivious,Forewarn,Dry Skin,weak,0,0,0,0,0,0,0,0,0,0,0,1,0,0,1,0,0,0
126,Electabuzz,125,65,83,57,95,85,105,Static,none,Vital Spirit,weak,0,0,0,1,0,0,0,0,0,0,0,0,0,0,0,0,0,0
127,Magmar,126,65,95,57,100,85,93,Flame Body,none,Vital Spirit,weak,0,0,0,0,0,0,1,0,0,0,0,0,0,0,0,0,0,0
128,Pinsir,127,65,125,100,55,70,85,Hyper Cutter,Mold Breaker,Moxie,weak,1,0,0,0,0,0,0,0,0,0,0,0,0,0,0,0,0,0
129,Tauros,128,75,100,95,40,70,110,Intimidate,Anger Point,Sheer Force,medium,0,0,0,0,0,0,0,0,0,0,0,0,1,0,0,0,0,0
130,Magikarp,129,20,10,55,15,20,80,Swift Swim,none,Rattled,weak,0,0,0,0,0,0,0,0,0,0,0,0,0,0,0,0,0,1
131,Gyarados,130,95,125,79,60,100,81,Intimidate,none,Moxie,strong,0,0,0,0,0,0,0,1,0,0,0,0,0,0,0,0,0,1
132,Lapras,131,130,85,80,85,95,60,Water Absorb,Shell Armor,Hydration,weak,0,0,0,0,0,0,0,0,0,0,0,1,0,0,0,0,0,1
133,Lapras-Gmax,131,130,85,80,85,95,60,Water Absorb,Shell Armor,Hydration,strong,0,0,0,0,0,0,0,0,0,0,0,1,0,0,0,0,0,1
134,Ditto,132,48,48,48,48,48,48,Limber,none,Imposter,weak,0,0,0,0,0,0,0,0,0,0,0,0,1,0,0,0,0,0
135,Eevee,133,55,55,50,45,65,55,Run Away,Adaptability,Anticipation,weak,0,0,0,0,0,0,0,0,0,0,0,0,1,0,0,0,0,0
136,Eevee-Gmax,133,55,55,50,45,65,55,Run Away,Adaptability,Anticipation,strong,0,0,0,0,0,0,0,0,0,0,0,0,1,0,0,0,0,0
137,Vaporeon,134,130,65,60,110,95,65,Water Absorb,none,Hydration,medium,0,0,0,0,0,0,0,0,0,0,0,0,0,0,0,0,0,1
138,Jolteon,135,65,65,60,110,95,130,Volt Absorb,none,Quick Feet,weak,0,0,0,1,0,0,0,0,0,0,0,0,0,0,0,0,0,0
139,Flareon,136,65,130,60,95,110,65,Flash Fire,none,Guts,weak,0,0,0,0,0,0,1,0,0,0,0,0,0,0,0,0,0,0
140,Porygon,137,65,60,70,85,75,40,Trace,Download,Analytic,weak,0,0,0,0,0,0,0,0,0,0,0,0,1,0,0,0,0,0
141,Omanyte,138,35,40,100,90,55,35,Swift Swim,Shell Armor,Weak Armor,weak,0,0,0,0,0,0,0,0,0,0,0,0,0,0,0,1,0,1
142,Omastar,139,70,60,125,115,70,55,Swift Swim,Shell Armor,Weak Armor,weak,0,0,0,0,0,0,0,0,0,0,0,0,0,0,0,1,0,1
143,Kabuto,140,30,80,90,55,45,55,Swift Swim,Battle Armor,Weak Armor,weak,0,0,0,0,0,0,0,0,0,0,0,0,0,0,0,1,0,1
144,Kabutops,141,60,115,105,65,70,80,Swift Swim,Battle Armor,Weak Armor,weak,0,0,0,0,0,0,0,0,0,0,0,0,0,0,0,1,0,1
145,Aerodactyl,142,80,105,65,60,75,130,Rock Head,Pressure,Unnerve,medium,0,0,0,0,0,0,0,1,0,0,0,0,0,0,0,1,0,0
146,Snorlax,143,160,110,65,65,110,30,Immunity,Thick Fat,Gluttony,medium,0,0,0,0,0,0,0,0,0,0,0,0,1,0,0,0,0,0
147,Snorlax-Gmax,143,160,110,65,65,110,30,Immunity,Thick Fat,Gluttony,strong,0,0,0,0,0,0,0,0,0,0,0,0,1,0,0,0,0,0
148,Articuno,144,90,85,100,95,125,85,Pressure,none,Snow Cloak,weak,0,0,0,0,0,0,0,1,0,0,0,1,0,0,0,0,0,0
149,Articuno-Galar,144,90,85,85,125,100,95,Competitive,none,none,medium,0,0,0,0,0,0,0,1,0,0,0,0,0,0,1,0,0,0
150,Zapdos,145,90,90,85,125,90,100,Pressure,none,Static,strong,0,0,0,1,0,0,0,1,0,0,0,0,0,0,0,0,0,0
151,Zapdos-Galar,145,90,125,90,85,90,100,Defiant,none,none,strong,0,0,0,0,0,1,0,1,0,0,0,0,0,0,0,0,0,0
152,Moltres,146,90,100,90,125,85,90,Pressure,none,Flame Body,strong,0,0,0,0,0,0,1,1,0,0,0,0,0,0,0,0,0,0
153,Moltres-Galar,146,90,85,90,100,125,90,Berserk,none,none,strong,0,1,0,0,0,0,0,1,0,0,0,0,0,0,0,0,0,0
154,Dratini,147,41,64,45,50,50,50,Shed Skin,none,Marvel Scale,weak,0,0,1,0,0,0,0,0,0,0,0,0,0,0,0,0,0,0
155,Dragonair,148,61,84,65,70,70,70,Shed Skin,none,Marvel Scale,weak,0,0,1,0,0,0,0,0,0,0,0,0,0,0,0,0,0,0
156,Dragonite,149,91,134,95,100,100,80,Inner Focus,none,Multiscale,strong,0,0,1,0,0,0,0,1,0,0,0,0,0,0,0,0,0,0
157,Mewtwo,150,106,110,90,154,90,130,Pressure,none,Unnerve,strong,0,0,0,0,0,0,0,0,0,0,0,0,0,0,1,0,0,0
158,Mew,151,100,100,100,100,100,100,Synchronize,none,none,strong,0,0,0,0,0,0,0,0,0,0,0,0,0,0,1,0,0,0
159,Hoothoot,163,60,30,30,36,56,50,Insomnia,Keen Eye,Tinted Lens,weak,0,0,0,0,0,0,0,1,0,0,0,0,1,0,0,0,0,0
160,Noctowl,164,100,50,50,86,96,70,Insomnia,Keen Eye,Tinted Lens,weak,0,0,0,0,0,0,0,1,0,0,0,0,1,0,0,0,0,0
161,Crobat,169,85,90,80,70,80,130,Inner Focus,none,Infiltrator,medium,0,0,0,0,0,0,0,1,0,0,0,0,0,1,0,0,0,0
162,Chinchou,170,75,38,38,56,56,67,Volt Absorb,Illuminate,Water Absorb,weak,0,0,0,1,0,0,0,0,0,0,0,0,0,0,0,0,0,1
163,Lanturn,171,125,58,58,76,76,67,Volt Absorb,Illuminate,Water Absorb,weak,0,0,0,1,0,0,0,0,0,0,0,0,0,0,0,0,0,1
164,Pichu,172,20,40,15,35,35,60,Static,none,Lightning Rod,weak,0,0,0,1,0,0,0,0,0,0,0,0,0,0,0,0,0,0
165,Cleffa,173,50,25,28,45,55,15,Cute Charm,Magic Guard,Friend Guard,weak,0,0,0,0,1,0,0,0,0,0,0,0,0,0,0,0,0,0
166,Igglybuff,174,90,30,15,40,20,15,Cute Charm,Competitive,Friend Guard,weak,0,0,0,0,1,0,0,0,0,0,0,0,1,0,0,0,0,0
167,Togepi,175,35,20,65,40,65,20,Hustle,Serene Grace,Super Luck,weak,0,0,0,0,1,0,0,0,0,0,0,0,0,0,0,0,0,0
168,Togetic,176,55,40,85,80,105,40,Hustle,Serene Grace,Super Luck,weak,0,0,0,0,1,0,0,1,0,0,0,0,0,0,0,0,0,0
169,Natu,177,40,50,45,70,45,70,Synchronize,Early Bird,Magic Bounce,weak,0,0,0,0,0,0,0,1,0,0,0,0,0,0,1,0,0,0
170,Xatu,178,65,75,70,95,70,95,Synchronize,Early Bird,Magic Bounce,weak,0,0,0,0,0,0,0,1,0,0,0,0,0,0,1,0,0,0
171,Bellossom,182,75,80,95,90,100,50,Chlorophyll,none,Healer,weak,0,0,0,0,0,0,0,0,0,1,0,0,0,0,0,0,0,0
172,Marill,183,70,20,50,20,50,40,Thick Fat,Huge Power,Sap Sipper,weak,0,0,0,0,1,0,0,0,0,0,0,0,0,0,0,0,0,1
173,Azumarill,184,100,50,80,60,80,50,Thick Fat,Huge Power,Sap Sipper,strong,0,0,0,0,1,0,0,0,0,0,0,0,0,0,0,0,0,1
174,Sudowoodo,185,70,100,115,30,65,30,Sturdy,Rock Head,Rattled,weak,0,0,0,0,0,0,0,0,0,0,0,0,0,0,0,1,0,0
175,Politoed,186,90,75,75,90,100,70,Water Absorb,Damp,Drizzle,weak,0,0,0,0,0,0,0,0,0,0,0,0,0,0,0,0,0,1
176,Wooper,194,55,45,45,25,25,15,Damp,Water Absorb,Unaware,weak,0,0,0,0,0,0,0,0,0,0,1,0,0,0,0,0,0,1
177,Quagsire,195,95,85,85,65,65,35,Damp,Water Absorb,Unaware,strong,0,0,0,0,0,0,0,0,0,0,1,0,0,0,0,0,0,1
178,Espeon,196,65,65,60,130,95,110,Synchronize,none,Magic Bounce,medium,0,0,0,0,0,0,0,0,0,0,0,0,0,0,1,0,0,0
179,Umbreon,197,95,65,110,60,130,65,Synchronize,none,Inner Focus,medium,0,1,0,0,0,0,0,0,0,0,0,0,0,0,0,0,0,0
180,Slowking,199,95,75,80,100,110,30,Oblivious,Own Tempo,Regenerator,strong,0,0,0,0,0,0,0,0,0,0,0,0,0,0,1,0,0,1
181,Slowking-Galar,199,95,65,80,110,110,30,Curious Medicine,Own Tempo,Regenerator,strong,0,0,0,0,0,0,0,0,0,0,0,0,0,1,1,0,0,0
182,Wobbuffet,202,190,33,58,33,58,33,Shadow Tag,none,Telepathy,weak,0,0,0,0,0,0,0,0,0,0,0,0,0,0,1,0,0,0
183,Dunsparce,206,100,70,70,65,65,45,Serene Grace,Run Away,Rattled,weak,0,0,0,0,0,0,0,0,0,0,0,0,1,0,0,0,0,0
184,Steelix,208,75,85,200,55,65,30,Rock Head,Sturdy,Sheer Force,medium,0,0,0,0,0,0,0,0,0,0,1,0,0,0,0,0,1,0
185,Qwilfish,211,65,95,85,55,55,85,Poison Point,Swift Swim,Intimidate,weak,0,0,0,0,0,0,0,0,0,0,0,0,0,1,0,0,0,1
186,Scizor,212,70,130,100,55,80,65,Swarm,Technician,Light Metal,strong,1,0,0,0,0,0,0,0,0,0,0,0,0,0,0,0,1,0
187,Shuckle,213,20,10,230,10,230,5,Sturdy,Gluttony,Contrary,weak,1,0,0,0,0,0,0,0,0,0,0,0,0,0,0,1,0,0
188,Heracross,214,80,125,75,40,95,85,Swarm,Guts,Moxie,medium,1,0,0,0,0,1,0,0,0,0,0,0,0,0,0,0,0,0
189,Sneasel,215,55,95,55,35,75,115,Inner Focus,Keen Eye,Pickpocket,weak,0,1,0,0,0,0,0,0,0,0,0,1,0,0,0,0,0,0
190,Swinub,220,50,50,40,30,30,50,Oblivious,Snow Cloak,Thick Fat,weak,0,0,0,0,0,0,0,0,0,0,1,1,0,0,0,0,0,0
191,Piloswine,221,100,100,80,60,60,50,Oblivious,Snow Cloak,Thick Fat,weak,0,0,0,0,0,0,0,0,0,0,1,1,0,0,0,0,0,0
192,Corsola,222,65,55,95,65,95,35,Hustle,Natural Cure,Regenerator,weak,0,0,0,0,0,0,0,0,0,0,0,0,0,0,0,1,0,1
193,Corsola-Galar,222,60,55,100,65,100,30,Weak Armor,none,Cursed Body,weak,0,0,0,0,0,0,0,0,1,0,0,0,0,0,0,0,0,0
194,Remoraid,223,35,65,35,65,35,65,Hustle,Sniper,Moody,weak,0,0,0,0,0,0,0,0,0,0,0,0,0,0,0,0,0,1
195,Octillery,224,75,105,75,105,75,45,Suction Cups,Sniper,Moody,weak,0,0,0,0,0,0,0,0,0,0,0,0,0,0,0,0,0,1
196,Delibird,225,45,55,45,65,45,75,Vital Spirit,Hustle,Insomnia,weak,0,0,0,0,0,0,0,1,0,0,0,1,0,0,0,0,0,0
197,Mantine,226,85,40,70,80,140,70,Swift Swim,Water Absorb,Water Veil,medium,0,0,0,0,0,0,0,1,0,0,0,0,0,0,0,0,0,1
198,Skarmory,227,65,80,140,40,70,70,Keen Eye,Sturdy,Weak Armor,strong,0,0,0,0,0,0,0,1,0,0,0,0,0,0,0,0,1,0
199,Kingdra,230,75,95,95,95,95,85,Swift Swim,Sniper,Damp,weak,0,0,1,0,0,0,0,0,0,0,0,0,0,0,0,0,0,1
200,Porygon2,233,85,80,90,105,95,60,Trace,Download,Analytic,medium,0,0,0,0,0,0,0,0,0,0,0,0,1,0,0,0,0,0
201,Tyrogue,236,35,35,35,35,35,35,Guts,Steadfast,Vital Spirit,weak,0,0,0,0,0,1,0,0,0,0,0,0,0,0,0,0,0,0
202,Hitmontop,237,50,95,95,35,110,70,Intimidate,Technician,Steadfast,weak,0,0,0,0,0,1,0,0,0,0,0,0,0,0,0,0,0,0
203,Smoochum,238,45,30,15,85,65,65,Oblivious,Forewarn,Hydration,weak,0,0,0,0,0,0,0,0,0,0,0,1,0,0,1,0,0,0
204,Elekid,239,45,63,37,65,55,95,Static,none,Vital Spirit,weak,0,0,0,1,0,0,0,0,0,0,0,0,0,0,0,0,0,0
205,Magby,240,45,75,37,70,55,83,Flame Body,none,Vital Spirit,weak,0,0,0,0,0,0,1,0,0,0,0,0,0,0,0,0,0,0
206,Miltank,241,95,80,105,40,70,100,Thick Fat,Scrappy,Sap Sipper,weak,0,0,0,0,0,0,0,0,0,0,0,0,1,0,0,0,0,0
207,Blissey,242,255,10,10,75,135,55,Natural Cure,Serene Grace,Healer,strong,0,0,0,0,0,0,0,0,0,0,0,0,1,0,0,0,0,0
208,Raikou,243,90,85,75,115,100,115,Pressure,none,Inner Focus,medium,0,0,0,1,0,0,0,0,0,0,0,0,0,0,0,0,0,0
209,Entei,244,115,115,85,90,75,100,Pressure,none,Inner Focus,medium,0,0,0,0,0,0,1,0,0,0,0,0,0,0,0,0,0,0
210,Suicune,245,100,75,115,90,115,85,Pressure,none,Inner Focus,medium,0,0,0,0,0,0,0,0,0,0,0,0,0,0,0,0,0,1
211,Larvitar,246,50,64,50,45,50,41,Guts,none,Sand Veil,weak,0,0,0,0,0,0,0,0,0,0,1,0,0,0,0,1,0,0
212,Pupitar,247,70,84,70,65,70,51,Shed Skin,none,none,weak,0,0,0,0,0,0,0,0,0,0,1,0,0,0,0,1,0,0
213,Tyranitar,248,100,134,110,95,100,61,Sand Stream,none,Unnerve,strong,0,1,0,0,0,0,0,0,0,0,0,0,0,0,0,1,0,0
214,Lugia,249,106,90,130,90,154,110,Pressure,none,Multiscale,strong,0,0,0,0,0,0,0,1,0,0,0,0,0,0,1,0,0,0
215,Ho-Oh,250,106,130,90,110,154,90,Pressure,none,Regenerator,strong,0,0,0,0,0,0,1,1,0,0,0,0,0,0,0,0,0,0
216,Celebi,251,100,100,100,100,100,100,Natural Cure,none,none,medium,0,0,0,0,0,0,0,0,0,1,0,0,0,0,1,0,0,0
217,Treecko,252,40,45,35,65,55,70,Overgrow,none,Unburden,weak,0,0,0,0,0,0,0,0,0,1,0,0,0,0,0,0,0,0
218,Grovyle,253,50,65,45,85,65,95,Overgrow,none,Unburden,weak,0,0,0,0,0,0,0,0,0,1,0,0,0,0,0,0,0,0
219,Sceptile,254,70,85,65,105,85,120,Overgrow,none,Unburden,weak,0,0,0,0,0,0,0,0,0,1,0,0,0,0,0,0,0,0
220,Torchic,255,45,60,40,70,50,45,Blaze,none,Speed Boost,weak,0,0,0,0,0,0,1,0,0,0,0,0,0,0,0,0,0,0
221,Combusken,256,60,85,60,85,60,55,Blaze,none,Speed Boost,weak,0,0,0,0,0,1,1,0,0,0,0,0,0,0,0,0,0,0
222,Blaziken,257,80,120,70,110,70,80,Blaze,none,Speed Boost,strong,0,0,0,0,0,1,1,0,0,0,0,0,0,0,0,0,0,0
223,Mudkip,258,50,70,50,50,50,40,Torrent,none,Damp,weak,0,0,0,0,0,0,0,0,0,0,0,0,0,0,0,0,0,1
224,Marshtomp,259,70,85,70,60,70,50,Torrent,none,Damp,weak,0,0,0,0,0,0,0,0,0,0,1,0,0,0,0,0,0,1
225,Swampert,260,100,110,90,85,90,60,Torrent,none,Damp,strong,0,0,0,0,0,0,0,0,0,0,1,0,0,0,0,0,0,1
226,Zigzagoon,263,38,30,41,30,41,60,Pickup,Gluttony,Quick Feet,weak,0,0,0,0,0,0,0,0,0,0,0,0,1,0,0,0,0,0
227,Zigzagoon-Galar,263,38,30,41,30,41,60,Pickup,Gluttony,Quick Feet,weak,0,1,0,0,0,0,0,0,0,0,0,0,1,0,0,0,0,0
228,Linoone,264,78,70,61,50,61,100,Pickup,Gluttony,Quick Feet,medium,0,0,0,0,0,0,0,0,0,0,0,0,1,0,0,0,0,0
229,Linoone-Galar,264,78,70,61,50,61,100,Pickup,Gluttony,Quick Feet,weak,0,1,0,0,0,0,0,0,0,0,0,0,1,0,0,0,0,0
230,Lotad,270,40,30,30,40,50,30,Swift Swim,Rain Dish,Own Tempo,weak,0,0,0,0,0,0,0,0,0,1,0,0,0,0,0,0,0,1
231,Lombre,271,60,50,50,60,70,50,Swift Swim,Rain Dish,Own Tempo,weak,0,0,0,0,0,0,0,0,0,1,0,0,0,0,0,0,0,1
232,Ludicolo,272,80,70,70,90,100,70,Swift Swim,Rain Dish,Own Tempo,weak,0,0,0,0,0,0,0,0,0,1,0,0,0,0,0,0,0,1
233,Seedot,273,40,40,50,30,30,30,Chlorophyll,Early Bird,Pickpocket,weak,0,0,0,0,0,0,0,0,0,1,0,0,0,0,0,0,0,0
234,Nuzleaf,274,70,70,40,60,40,60,Chlorophyll,Early Bird,Pickpocket,weak,0,1,0,0,0,0,0,0,0,1,0,0,0,0,0,0,0,0
235,Shiftry,275,90,100,60,90,60,80,Chlorophyll,Early Bird,Pickpocket,weak,0,1,0,0,0,0,0,0,0,1,0,0,0,0,0,0,0,0
236,Wingull,278,40,30,30,55,30,85,Keen Eye,Hydration,Rain Dish,weak,0,0,0,0,0,0,0,1,0,0,0,0,0,0,0,0,0,1
237,Pelipper,279,60,50,100,95,70,65,Keen Eye,Drizzle,Rain Dish,strong,0,0,0,0,0,0,0,1,0,0,0,0,0,0,0,0,0,1
238,Ralts,280,28,25,25,45,35,40,Synchronize,Trace,Telepathy,weak,0,0,0,0,1,0,0,0,0,0,0,0,0,0,1,0,0,0
239,Kirlia,281,38,35,35,65,55,50,Synchronize,Trace,Telepathy,weak,0,0,0,0,1,0,0,0,0,0,0,0,0,0,1,0,0,0
240,Gardevoir,282,68,65,65,125,115,80,Synchronize,Trace,Telepathy,medium,0,0,0,0,1,0,0,0,0,0,0,0,0,0,1,0,0,0
241,Nincada,290,31,45,90,30,30,40,Compound Eyes,none,Run Away,weak,1,0,0,0,0,0,0,0,0,0,1,0,0,0,0,0,0,0
242,Ninjask,291,61,90,45,50,50,160,Speed Boost,none,Infiltrator,medium,1,0,0,0,0,0,0,1,0,0,0,0,0,0,0,0,0,0
243,Shedinja,292,1,90,45,30,30,40,Wonder Guard,none,none,weak,1,0,0,0,0,0,0,0,1,0,0,0,0,0,0,0,0,0
244,Whismur,293,64,51,23,51,23,28,Soundproof,none,Rattled,weak,0,0,0,0,0,0,0,0,0,0,0,0,1,0,0,0,0,0
245,Loudred,294,84,71,43,71,43,48,Soundproof,none,Scrappy,weak,0,0,0,0,0,0,0,0,0,0,0,0,1,0,0,0,0,0
246,Exploud,295,104,91,63,91,73,68,Soundproof,none,Scrappy,medium,0,0,0,0,0,0,0,0,0,0,0,0,1,0,0,0,0,0
247,Azurill,298,50,20,40,20,40,20,Thick Fat,Huge Power,Sap Sipper,weak,0,0,0,0,1,0,0,0,0,0,0,0,1,0,0,0,0,0
248,Sableye,302,50,75,75,65,65,50,Keen Eye,Stall,Prankster,weak,0,1,0,0,0,0,0,0,1,0,0,0,0,0,0,0,0,0
249,Mawile,303,50,85,85,55,55,50,Hyper Cutter,Intimidate,Sheer Force,weak,0,0,0,0,1,0,0,0,0,0,0,0,0,0,0,0,1,0
250,Aron,304,50,70,100,40,40,30,Sturdy,Rock Head,Heavy Metal,weak,0,0,0,0,0,0,0,0,0,0,0,0,0,0,0,1,1,0
251,Lairon,305,60,90,140,50,50,40,Sturdy,Rock Head,Heavy Metal,weak,0,0,0,0,0,0,0,0,0,0,0,0,0,0,0,1,1,0
252,Aggron,306,70,110,180,60,60,50,Sturdy,Rock Head,Heavy Metal,weak,0,0,0,0,0,0,0,0,0,0,0,0,0,0,0,1,1,0
253,Electrike,309,40,45,40,65,40,65,Static,Lightning Rod,Minus,weak,0,0,0,1,0,0,0,0,0,0,0,0,0,0,0,0,0,0
254,Manectric,310,70,75,60,105,60,105,Static,Lightning Rod,Minus,weak,0,0,0,1,0,0,0,0,0,0,0,0,0,0,0,0,0,0
255,Roselia,315,50,60,45,100,80,65,Natural Cure,Poison Point,Leaf Guard,weak,0,0,0,0,0,0,0,0,0,1,0,0,0,1,0,0,0,0
256,Carvanha,318,45,90,20,65,20,65,Rough Skin,none,Speed Boost,weak,0,1,0,0,0,0,0,0,0,0,0,0,0,0,0,0,0,1
257,Sharpedo,319,70,120,40,95,40,95,Rough Skin,none,Speed Boost,medium,0,1,0,0,0,0,0,0,0,0,0,0,0,0,0,0,0,1
258,Wailmer,320,130,70,35,70,35,60,Water Veil,Oblivious,Pressure,weak,0,0,0,0,0,0,0,0,0,0,0,0,0,0,0,0,0,1
259,Wailord,321,170,90,45,90,45,60,Water Veil,Oblivious,Pressure,weak,0,0,0,0,0,0,0,0,0,0,0,0,0,0,0,0,0,1
260,Torkoal,324,70,85,140,85,70,20,White Smoke,Drought,Shell Armor,weak,0,0,0,0,0,0,1,0,0,0,0,0,0,0,0,0,0,0
261,Trapinch,328,45,100,45,45,45,10,Hyper Cutter,Arena Trap,Sheer Force,weak,0,0,0,0,0,0,0,0,0,0,1,0,0,0,0,0,0,0
262,Vibrava,329,50,70,50,50,50,70,Levitate,none,none,weak,0,0,1,0,0,0,0,0,0,0,1,0,0,0,0,0,0,0
263,Flygon,330,80,100,80,80,80,100,Levitate,none,none,medium,0,0,1,0,0,0,0,0,0,0,1,0,0,0,0,0,0,0
264,Swablu,333,45,40,60,40,75,50,Natural Cure,none,Cloud Nine,weak,0,0,0,0,0,0,0,1,0,0,0,0,1,0,0,0,0,0
265,Altaria,334,75,70,90,70,105,80,Natural Cure,none,Cloud Nine,weak,0,0,1,0,0,0,0,1,0,0,0,0,0,0,0,0,0,0
266,Lunatone,337,90,55,65,95,85,70,Levitate,none,none,weak,0,0,0,0,0,0,0,0,0,0,0,0,0,0,1,1,0,0
267,Solrock,338,90,95,85,55,65,70,Levitate,none,none,weak,0,0,0,0,0,0,0,0,0,0,0,0,0,0,1,1,0,0
268,Barboach,339,50,48,43,46,41,60,Oblivious,Anticipation,Hydration,weak,0,0,0,0,0,0,0,0,0,0,1,0,0,0,0,0,0,1
269,Whiscash,340,110,78,73,76,71,60,Oblivious,Anticipation,Hydration,weak,0,0,0,0,0,0,0,0,0,0,1,0,0,0,0,0,0,1
270,Corphish,341,43,80,65,50,35,35,Hyper Cutter,Shell Armor,Adaptability,weak,0,0,0,0,0,0,0,0,0,0,0,0,0,0,0,0,0,1
271,Crawdaunt,342,63,120,85,90,55,55,Hyper Cutter,Shell Armor,Adaptability,strong,0,1,0,0,0,0,0,0,0,0,0,0,0,0,0,0,0,1
272,Baltoy,343,40,40,55,40,70,55,Levitate,none,none,weak,0,0,0,0,0,0,0,0,0,0,1,0,0,0,1,0,0,0
273,Claydol,344,60,70,105,70,120,75,Levitate,none,none,weak,0,0,0,0,0,0,0,0,0,0,1,0,0,0,1,0,0,0
274,Lileep,345,66,41,77,61,87,23,Suction Cups,none,Storm Drain,weak,0,0,0,0,0,0,0,0,0,1,0,0,0,0,0,1,0,0
275,Cradily,346,86,81,97,81,107,43,Suction Cups,none,Storm Drain,weak,0,0,0,0,0,0,0,0,0,1,0,0,0,0,0,1,0,0
276,Anorith,347,45,95,50,40,50,75,Battle Armor,none,Swift Swim,weak,1,0,0,0,0,0,0,0,0,0,0,0,0,0,0,1,0,0
277,Armaldo,348,75,125,100,70,80,45,Battle Armor,none,Swift Swim,weak,1,0,0,0,0,0,0,0,0,0,0,0,0,0,0,1,0,0
278,Feebas,349,20,15,20,10,55,80,Swift Swim,Oblivious,Adaptability,weak,0,0,0,0,0,0,0,0,0,0,0,0,0,0,0,0,0,1
279,Milotic,350,95,60,79,100,125,81,Marvel Scale,Competitive,Cute Charm,medium,0,0,0,0,0,0,0,0,0,0,0,0,0,0,0,0,0,1
280,Duskull,355,20,40,90,30,90,25,Levitate,none,Frisk,weak,0,0,0,0,0,0,0,0,1,0,0,0,0,0,0,0,0,0
281,Dusclops,356,40,70,130,60,130,25,Pressure,none,Frisk,weak,0,0,0,0,0,0,0,0,1,0,0,0,0,0,0,0,0,0
282,Absol,359,65,130,60,75,60,75,Pressure,Super Luck,Justified,weak,0,1,0,0,0,0,0,0,0,0,0,0,0,0,0,0,0,0
283,Wynaut,360,95,23,48,23,48,23,Shadow Tag,none,Telepathy,weak,0,0,0,0,0,0,0,0,0,0,0,0,0,0,1,0,0,0
284,Snorunt,361,50,50,50,50,50,50,Inner Focus,Ice Body,Moody,weak,0,0,0,0,0,0,0,0,0,0,0,1,0,0,0,0,0,0
285,Glalie,362,80,80,80,80,80,80,Inner Focus,Ice Body,Moody,weak,0,0,0,0,0,0,0,0,0,0,0,1,0,0,0,0,0,0
286,Spheal,363,70,40,50,55,50,25,Thick Fat,Ice Body,Oblivious,weak,0,0,0,0,0,0,0,0,0,0,0,1,0,0,0,0,0,1
287,Sealeo,364,90,60,70,75,70,45,Thick Fat,Ice Body,Oblivious,weak,0,0,0,0,0,0,0,0,0,0,0,1,0,0,0,0,0,1
288,Walrein,365,110,80,90,95,90,65,Thick Fat,Ice Body,Oblivious,weak,0,0,0,0,0,0,0,0,0,0,0,1,0,0,0,0,0,1
289,Relicanth,369,100,90,130,45,65,55,Swift Swim,Rock Head,Sturdy,weak,0,0,0,0,0,0,0,0,0,0,0,0,0,0,0,1,0,1
290,Bagon,371,45,75,60,40,30,50,Rock Head,none,Sheer Force,weak,0,0,1,0,0,0,0,0,0,0,0,0,0,0,0,0,0,0
291,Shelgon,372,65,95,100,60,50,50,Rock Head,none,Overcoat,weak,0,0,1,0,0,0,0,0,0,0,0,0,0,0,0,0,0,0
292,Salamence,373,95,135,80,110,80,100,Intimidate,none,Moxie,strong,0,0,1,0,0,0,0,1,0,0,0,0,0,0,0,0,0,0
293,Beldum,374,40,55,80,35,60,30,Clear Body,none,Light Metal,weak,0,0,0,0,0,0,0,0,0,0,0,0,0,0,1,0,1,0
294,Metang,375,60,75,100,55,80,50,Clear Body,none,Light Metal,weak,0,0,0,0,0,0,0,0,0,0,0,0,0,0,1,0,1,0
295,Metagross,376,80,135,130,95,90,70,Clear Body,none,Light Metal,medium,0,0,0,0,0,0,0,0,0,0,0,0,0,0,1,0,1,0
296,Regirock,377,80,100,200,50,100,50,Clear Body,none,Sturdy,weak,0,0,0,0,0,0,0,0,0,0,0,0,0,0,0,1,0,0
297,Regice,378,80,50,100,100,200,50,Clear Body,none,Ice Body,weak,0,0,0,0,0,0,0,0,0,0,0,1,0,0,0,0,0,0
298,Registeel,379,80,75,150,75,150,50,Clear Body,none,Light Metal,medium,0,0,0,0,0,0,0,0,0,0,0,0,0,0,0,0,1,0
299,Latias,380,80,80,90,110,130,110,Levitate,none,none,strong,0,0,1,0,0,0,0,0,0,0,0,0,0,0,1,0,0,0
300,Latios,381,80,90,80,130,110,110,Levitate,none,none,strong,0,0,1,0,0,0,0,0,0,0,0,0,0,0,1,0,0,0
301,Kyogre,382,100,100,90,150,140,90,Drizzle,none,none,strong,0,0,0,0,0,0,0,0,0,0,0,0,0,0,0,0,0,1
302,Groudon,383,100,150,140,100,90,90,Drought,none,none,strong,0,0,0,0,0,0,0,0,0,0,1,0,0,0,0,0,0,0
303,Rayquaza,384,105,150,90,150,90,95,Air Lock,none,none,strong,0,0,1,0,0,0,0,1,0,0,0,0,0,0,0,0,0,0
304,Jirachi,385,100,100,100,100,100,100,Serene Grace,none,none,strong,0,0,0,0,0,0,0,0,0,0,0,0,0,0,1,0,1,0
305,Shinx,403,45,65,34,40,34,45,Rivalry,Intimidate,Guts,weak,0,0,0,1,0,0,0,0,0,0,0,0,0,0,0,0,0,0
306,Luxio,404,60,85,49,60,49,60,Rivalry,Intimidate,Guts,weak,0,0,0,1,0,0,0,0,0,0,0,0,0,0,0,0,0,0
307,Luxray,405,80,120,79,95,79,70,Rivalry,Intimidate,Guts,weak,0,0,0,1,0,0,0,0,0,0,0,0,0,0,0,0,0,0
308,Budew,406,40,30,35,50,70,55,Natural Cure,Poison Point,Leaf Guard,weak,0,0,0,0,0,0,0,0,0,1,0,0,0,1,0,0,0,0
309,Roserade,407,60,70,65,125,105,90,Natural Cure,Poison Point,Technician,medium,0,0,0,0,0,0,0,0,0,1,0,0,0,1,0,0,0,0
310,Combee,415,30,30,42,30,42,70,Honey Gather,none,Hustle,weak,1,0,0,0,0,0,0,1,0,0,0,0,0,0,0,0,0,0
311,Vespiquen,416,70,80,102,80,102,40,Pressure,none,Unnerve,weak,1,0,0,0,0,0,0,1,0,0,0,0,0,0,0,0,0,0
312,Cherubi,420,45,35,45,62,53,35,Chlorophyll,none,none,weak,0,0,0,0,0,0,0,0,0,1,0,0,0,0,0,0,0,0
313,Cherrim,421,70,60,70,87,78,85,Flower Gift,none,none,weak,0,0,0,0,0,0,0,0,0,1,0,0,0,0,0,0,0,0
314,Shellos,422,76,48,48,57,62,34,Sticky Hold,Storm Drain,Sand Force,weak,0,0,0,0,0,0,0,0,0,0,0,0,0,0,0,0,0,1
315,Gastrodon,423,111,83,68,92,82,39,Sticky Hold,Storm Drain,Sand Force,medium,0,0,0,0,0,0,0,0,0,0,1,0,0,0,0,0,0,1
316,Drifloon,425,90,50,34,60,44,70,Aftermath,Unburden,Flare Boost,weak,0,0,0,0,0,0,0,1,1,0,0,0,0,0,0,0,0,0
317,Drifblim,426,150,80,44,90,54,80,Aftermath,Unburden,Flare Boost,weak,0,0,0,0,0,0,0,1,1,0,0,0,0,0,0,0,0,0
318,Buneary,427,55,66,44,44,56,85,Run Away,Klutz,Limber,weak,0,0,0,0,0,0,0,0,0,0,0,0,1,0,0,0,0,0
319,Lopunny,428,65,76,84,54,96,105,Cute Charm,Klutz,Limber,weak,0,0,0,0,0,0,0,0,0,0,0,0,1,0,0,0,0,0
320,Stunky,434,63,63,47,41,41,74,Stench,Aftermath,Keen Eye,weak,0,1,0,0,0,0,0,0,0,0,0,0,0,1,0,0,0,0
321,Skuntank,435,103,93,67,71,61,84,Stench,Aftermath,Keen Eye,weak,0,1,0,0,0,0,0,0,0,0,0,0,0,1,0,0,0,0
322,Bronzor,436,57,24,86,24,86,23,Levitate,Heatproof,Heavy Metal,weak,0,0,0,0,0,0,0,0,0,0,0,0,0,0,1,0,1,0
323,Bronzong,437,67,89,116,79,116,33,Levitate,Heatproof,Heavy Metal,medium,0,0,0,0,0,0,0,0,0,0,0,0,0,0,1,0,1,0
324,Bonsly,438,50,80,95,10,45,10,Sturdy,Rock Head,Rattled,weak,0,0,0,0,0,0,0,0,0,0,0,0,0,0,0,1,0,0
325,Mime Jr.,439,20,25,45,70,90,60,Soundproof,Filter,Technician,weak,0,0,0,0,1,0,0,0,0,0,0,0,0,0,1,0,0,0
326,Happiny,440,100,5,5,15,65,30,Natural Cure,Serene Grace,Friend Guard,weak,0,0,0,0,0,0,0,0,0,0,0,0,1,0,0,0,0,0
327,Spiritomb,442,50,92,108,92,108,35,Pressure,none,Infiltrator,weak,0,1,0,0,0,0,0,0,1,0,0,0,0,0,0,0,0,0
328,Gible,443,58,70,45,40,45,42,Sand Veil,none,Rough Skin,weak,0,0,1,0,0,0,0,0,0,0,1,0,0,0,0,0,0,0
329,Gabite,444,68,90,65,50,55,82,Sand Veil,none,Rough Skin,weak,0,0,1,0,0,0,0,0,0,0,1,0,0,0,0,0,0,0
330,Garchomp,445,108,130,95,80,85,102,Sand Veil,none,Rough Skin,strong,0,0,1,0,0,0,0,0,0,0,1,0,0,0,0,0,0,0
331,Munchlax,446,135,85,40,40,85,5,Pickup,Thick Fat,Gluttony,weak,0,0,0,0,0,0,0,0,0,0,0,0,1,0,0,0,0,0
332,Riolu,447,40,70,40,35,40,60,Steadfast,Inner Focus,Prankster,weak,0,0,0,0,0,1,0,0,0,0,0,0,0,0,0,0,0,0
333,Lucario,448,70,110,70,115,70,90,Steadfast,Inner Focus,Justified,medium,0,0,0,0,0,1,0,0,0,0,0,0,0,0,0,0,1,0
334,Hippopotas,449,68,72,78,38,42,32,Sand Stream,none,Sand Force,weak,0,0,0,0,0,0,0,0,0,0,1,0,0,0,0,0,0,0
335,Hippowdon,450,108,112,118,68,72,47,Sand Stream,none,Sand Force,strong,0,0,0,0,0,0,0,0,0,0,1,0,0,0,0,0,0,0
336,Skorupi,451,40,50,90,30,55,65,Battle Armor,Sniper,Keen Eye,weak,1,0,0,0,0,0,0,0,0,0,0,0,0,1,0,0,0,0
337,Drapion,452,70,90,110,60,75,95,Battle Armor,Sniper,Keen Eye,medium,0,1,0,0,0,0,0,0,0,0,0,0,0,1,0,0,0,0
338,Croagunk,453,48,61,40,61,40,50,Anticipation,Dry Skin,Poison Touch,weak,0,0,0,0,0,1,0,0,0,0,0,0,0,1,0,0,0,0
339,Toxicroak,454,83,106,65,86,65,85,Anticipation,Dry Skin,Poison Touch,weak,0,0,0,0,0,1,0,0,0,0,0,0,0,1,0,0,0,0
340,Mantyke,458,45,20,50,60,120,50,Swift Swim,Water Absorb,Water Veil,weak,0,0,0,0,0,0,0,1,0,0,0,0,0,0,0,0,0,1
341,Snover,459,60,62,50,62,60,40,Snow Warning,none,Soundproof,weak,0,0,0,0,0,0,0,0,0,1,0,1,0,0,0,0,0,0
342,Abomasnow,460,90,92,75,92,85,60,Snow Warning,none,Soundproof,weak,0,0,0,0,0,0,0,0,0,1,0,1,0,0,0,0,0,0
343,Weavile,461,70,120,65,45,85,125,Pressure,none,Pickpocket,strong,0,1,0,0,0,0,0,0,0,0,0,1,0,0,0,0,0,0
344,Magnezone,462,70,70,115,130,90,60,Magnet Pull,Sturdy,Analytic,strong,0,0,0,1,0,0,0,0,0,0,0,0,0,0,0,0,1,0
345,Lickilicky,463,110,85,95,80,95,50,Own Tempo,Oblivious,Cloud Nine,weak,0,0,0,0,0,0,0,0,0,0,0,0,1,0,0,0,0,0
346,Rhyperior,464,115,140,130,55,55,40,Lightning Rod,Solid Rock,Reckless,medium,0,0,0,0,0,0,0,0,0,0,1,0,0,0,0,1,0,0
347,Tangrowth,465,100,100,125,110,50,50,Chlorophyll,Leaf Guard,Regenerator,strong,0,0,0,0,0,0,0,0,0,1,0,0,0,0,0,0,0,0
348,Electivire,466,75,123,67,95,85,95,Motor Drive,none,Vital Spirit,weak,0,0,0,1,0,0,0,0,0,0,0,0,0,0,0,0,0,0
349,Magmortar,467,75,95,67,125,95,83,Flame Body,none,Vital Spirit,weak,0,0,0,0,0,0,1,0,0,0,0,0,0,0,0,0,0,0
350,Togekiss,468,85,50,95,120,115,80,Hustle,Serene Grace,Super Luck,medium,0,0,0,0,1,0,0,1,0,0,0,0,0,0,0,0,0,0
351,Leafeon,470,65,110,130,60,65,95,Leaf Guard,none,Chlorophyll,weak,0,0,0,0,0,0,0,0,0,1,0,0,0,0,0,0,0,0
352,Glaceon,471,65,60,110,130,95,65,Snow Cloak,none,Ice Body,weak,0,0,0,0,0,0,0,0,0,0,0,1,0,0,0,0,0,0
353,Mamoswine,473,110,130,80,70,60,80,Oblivious,Snow Cloak,Thick Fat,strong,0,0,0,0,0,0,0,0,0,0,1,1,0,0,0,0,0,0
354,Porygon-Z,474,85,80,70,135,75,90,Adaptability,Download,Analytic,medium,0,0,0,0,0,0,0,0,0,0,0,0,1,0,0,0,0,0
355,Gallade,475,68,125,65,65,115,80,Steadfast,none,Justified,weak,0,0,0,0,0,1,0,0,0,0,0,0,0,0,1,0,0,0
356,Dusknoir,477,45,100,135,65,135,45,Pressure,none,Frisk,weak,0,0,0,0,0,0,0,0,1,0,0,0,0,0,0,0,0,0
357,Froslass,478,70,80,70,80,70,110,Snow Cloak,none,Cursed Body,weak,0,0,0,0,0,0,0,0,1,0,0,1,0,0,0,0,0,0
358,Rotom,479,50,50,77,95,77,91,Levitate,none,none,weak,0,0,0,1,0,0,0,0,1,0,0,0,0,0,0,0,0,0
359,Rotom-Heat,479,50,65,107,105,107,86,Levitate,none,none,strong,0,0,0,1,0,0,1,0,0,0,0,0,0,0,0,0,0,0
360,Rotom-Wash,479,50,65,107,105,107,86,Levitate,none,none,strong,0,0,0,1,0,0,0,0,0,0,0,0,0,0,0,0,0,1
361,Rotom-Frost,479,50,65,107,105,107,86,Levitate,none,none,weak,0,0,0,1,0,0,0,0,0,0,0,1,0,0,0,0,0,0
362,Rotom-Fan,479,50,65,107,105,107,86,Levitate,none,none,weak,0,0,0,1,0,0,0,1,0,0,0,0,0,0,0,0,0,0
363,Rotom-Mow,479,50,65,107,105,107,86,Levitate,none,none,medium,0,0,0,1,0,0,0,0,0,1,0,0,0,0,0,0,0,0
364,Uxie,480,75,75,130,75,130,95,Levitate,none,none,weak,0,0,0,0,0,0,0,0,0,0,0,0,0,0,1,0,0,0
365,Mesprit,481,80,105,105,105,105,80,Levitate,none,none,weak,0,0,0,0,0,0,0,0,0,0,0,0,0,0,1,0,0,0
366,Azelf,482,75,125,70,125,70,115,Levitate,none,none,strong,0,0,0,0,0,0,0,0,0,0,0,0,0,0,1,0,0,0
367,Dialga,483,100,120,120,150,100,90,Pressure,none,Telepathy,strong,0,0,1,0,0,0,0,0,0,0,0,0,0,0,0,0,1,0
368,Palkia,484,90,120,100,150,120,100,Pressure,none,Telepathy,strong,0,0,1,0,0,0,0,0,0,0,0,0,0,0,0,0,0,1
369,Heatran,485,91,90,106,130,106,77,Flash Fire,none,Flame Body,strong,0,0,0,0,0,0,1,0,0,0,0,0,0,0,0,0,1,0
370,Regigigas,486,110,160,110,80,110,100,Slow Start,none,none,weak,0,0,0,0,0,0,0,0,0,0,0,0,1,0,0,0,0,0
371,Giratina,487,150,100,120,100,120,90,Pressure,none,Telepathy,strong,0,0,1,0,0,0,0,0,1,0,0,0,0,0,0,0,0,0
372,Giratina-Origin,487,150,120,100,120,100,90,Levitate,none,none,strong,0,0,1,0,0,0,0,0,1,0,0,0,0,0,0,0,0,0
373,Cresselia,488,120,70,120,75,130,85,Levitate,none,none,medium,0,0,0,0,0,0,0,0,0,0,0,0,0,0,1,0,0,0
374,Victini,494,100,100,100,100,100,100,Victory Star,none,none,strong,0,0,0,0,0,0,1,0,0,0,0,0,0,0,1,0,0,0
375,Lillipup,506,45,60,45,25,45,55,Vital Spirit,Pickup,Run Away,weak,0,0,0,0,0,0,0,0,0,0,0,0,1,0,0,0,0,0
376,Herdier,507,65,80,65,35,65,60,Intimidate,Sand Rush,Scrappy,weak,0,0,0,0,0,0,0,0,0,0,0,0,1,0,0,0,0,0
377,Stoutland,508,85,110,90,45,90,80,Intimidate,Sand Rush,Scrappy,weak,0,0,0,0,0,0,0,0,0,0,0,0,1,0,0,0,0,0
378,Purrloin,509,41,50,37,50,37,66,Limber,Unburden,Prankster,weak,0,1,0,0,0,0,0,0,0,0,0,0,0,0,0,0,0,0
379,Liepard,510,64,88,50,88,50,106,Limber,Unburden,Prankster,weak,0,1,0,0,0,0,0,0,0,0,0,0,0,0,0,0,0,0
380,Munna,517,76,25,45,67,55,24,Forewarn,Synchronize,Telepathy,weak,0,0,0,0,0,0,0,0,0,0,0,0,0,0,1,0,0,0
381,Musharna,518,116,55,85,107,95,29,Forewarn,Synchronize,Telepathy,weak,0,0,0,0,0,0,0,0,0,0,0,0,0,0,1,0,0,0
382,Pidove,519,50,55,50,36,30,43,Big Pecks,Super Luck,Rivalry,weak,0,0,0,0,0,0,0,1,0,0,0,0,1,0,0,0,0,0
383,Tranquill,520,62,77,62,50,42,65,Big Pecks,Super Luck,Rivalry,weak,0,0,0,0,0,0,0,1,0,0,0,0,1,0,0,0,0,0
384,Unfezant,521,80,115,80,65,55,93,Big Pecks,Super Luck,Rivalry,weak,0,0,0,0,0,0,0,1,0,0,0,0,1,0,0,0,0,0
385,Roggenrola,524,55,75,85,25,25,15,Sturdy,Weak Armor,Sand Force,weak,0,0,0,0,0,0,0,0,0,0,0,0,0,0,0,1,0,0
386,Boldore,525,70,105,105,50,40,20,Sturdy,Weak Armor,Sand Force,weak,0,0,0,0,0,0,0,0,0,0,0,0,0,0,0,1,0,0
387,Gigalith,526,85,135,130,60,80,25,Sturdy,Sand Stream,Sand Force,weak,0,0,0,0,0,0,0,0,0,0,0,0,0,0,0,1,0,0
388,Woobat,527,65,45,43,55,43,72,Unaware,Klutz,Simple,weak,0,0,0,0,0,0,0,1,0,0,0,0,0,0,1,0,0,0
389,Swoobat,528,67,57,55,77,55,114,Unaware,Klutz,Simple,weak,0,0,0,0,0,0,0,1,0,0,0,0,0,0,1,0,0,0
390,Drilbur,529,60,85,40,30,45,68,Sand Rush,Sand Force,Mold Breaker,weak,0,0,0,0,0,0,0,0,0,0,1,0,0,0,0,0,0,0
391,Excadrill,530,110,135,60,50,65,88,Sand Rush,Sand Force,Mold Breaker,strong,0,0,0,0,0,0,0,0,0,0,1,0,0,0,0,0,1,0
392,Audino,531,103,60,86,60,86,50,Healer,Regenerator,Klutz,weak,0,0,0,0,0,0,0,0,0,0,0,0,1,0,0,0,0,0
393,Timburr,532,75,80,55,25,35,35,Guts,Sheer Force,Iron Fist,weak,0,0,0,0,0,1,0,0,0,0,0,0,0,0,0,0,0,0
394,Gurdurr,533,85,105,85,40,50,40,Guts,Sheer Force,Iron Fist,weak,0,0,0,0,0,1,0,0,0,0,0,0,0,0,0,0,0,0
395,Conkeldurr,534,105,140,95,55,65,45,Guts,Sheer Force,Iron Fist,strong,0,0,0,0,0,1,0,0,0,0,0,0,0,0,0,0,0,0
396,Tympole,535,50,50,40,50,40,64,Swift Swim,Hydration,Water Absorb,weak,0,0,0,0,0,0,0,0,0,0,0,0,0,0,0,0,0,1
397,Palpitoad,536,75,65,55,65,55,69,Swift Swim,Hydration,Water Absorb,weak,0,0,0,0,0,0,0,0,0,0,1,0,0,0,0,0,0,1
398,Seismitoad,537,105,95,75,85,75,74,Swift Swim,Poison Touch,Water Absorb,medium,0,0,0,0,0,0,0,0,0,0,1,0,0,0,0,0,0,1
399,Throh,538,120,100,85,30,85,45,Guts,Inner Focus,Mold Breaker,weak,0,0,0,0,0,1,0,0,0,0,0,0,0,0,0,0,0,0
400,Sawk,539,75,125,75,30,75,85,Sturdy,Inner Focus,Mold Breaker,weak,0,0,0,0,0,1,0,0,0,0,0,0,0,0,0,0,0,0
401,Venipede,543,30,45,59,30,39,57,Poison Point,Swarm,Speed Boost,weak,1,0,0,0,0,0,0,0,0,0,0,0,0,1,0,0,0,0
402,Whirlipede,544,40,55,99,40,79,47,Poison Point,Swarm,Speed Boost,weak,1,0,0,0,0,0,0,0,0,0,0,0,0,1,0,0,0,0
403,Scolipede,545,60,100,89,55,69,112,Poison Point,Swarm,Speed Boost,medium,1,0,0,0,0,0,0,0,0,0,0,0,0,1,0,0,0,0
404,Cottonee,546,40,27,60,37,50,66,Prankster,Infiltrator,Chlorophyll,weak,0,0,0,0,1,0,0,0,0,1,0,0,0,0,0,0,0,0
405,Whimsicott,547,60,67,85,77,75,116,Prankster,Infiltrator,Chlorophyll,weak,0,0,0,0,1,0,0,0,0,1,0,0,0,0,0,0,0,0
406,Petilil,548,45,35,50,70,50,30,Chlorophyll,Own Tempo,Leaf Guard,weak,0,0,0,0,0,0,0,0,0,1,0,0,0,0,0,0,0,0
407,Lilligant,549,70,60,75,110,75,90,Chlorophyll,Own Tempo,Leaf Guard,weak,0,0,0,0,0,0,0,0,0,1,0,0,0,0,0,0,0,0
408,Basculin,550,70,92,65,80,55,98,Reckless,Adaptability,Mold Breaker,weak,0,0,0,0,0,0,0,0,0,0,0,0,0,0,0,0,0,1
409,Basculin-Blue-Striped,550,70,92,65,80,55,98,Rock Head,Adaptability,Mold Breaker,weak,0,0,0,0,0,0,0,0,0,0,0,0,0,0,0,0,0,1
410,Sandile,551,50,72,35,35,35,65,Intimidate,Moxie,Anger Point,weak,0,1,0,0,0,0,0,0,0,0,1,0,0,0,0,0,0,0
411,Krokorok,552,60,82,45,45,45,74,Intimidate,Moxie,Anger Point,weak,0,1,0,0,0,0,0,0,0,0,1,0,0,0,0,0,0,0
412,Krookodile,553,95,117,80,65,70,92,Intimidate,Moxie,Anger Point,strong,0,1,0,0,0,0,0,0,0,0,1,0,0,0,0,0,0,0
413,Darumaka,554,70,90,45,15,45,50,Hustle,none,Inner Focus,weak,0,0,0,0,0,0,1,0,0,0,0,0,0,0,0,0,0,0
414,Darumaka-Galar,554,70,90,45,15,45,50,Hustle,none,Inner Focus,weak,0,0,0,0,0,0,0,0,0,0,0,1,0,0,0,0,0,0
415,Darmanitan,555,105,140,55,30,55,95,Sheer Force,none,Zen Mode,medium,0,0,0,0,0,0,1,0,0,0,0,0,0,0,0,0,0,0
416,Darmanitan-Galar,555,105,140,55,30,55,95,Gorilla Tactics,none,Zen Mode,strong,0,0,0,0,0,0,0,0,0,0,0,1,0,0,0,0,0,0
417,Maractus,556,75,86,67,106,67,60,Water Absorb,Chlorophyll,Storm Drain,weak,0,0,0,0,0,0,0,0,0,1,0,0,0,0,0,0,0,0
418,Dwebble,557,50,65,85,35,35,55,Sturdy,Shell Armor,Weak Armor,weak,1,0,0,0,0,0,0,0,0,0,0,0,0,0,0,1,0,0
419,Crustle,558,70,105,125,65,75,45,Sturdy,Shell Armor,Weak Armor,weak,1,0,0,0,0,0,0,0,0,0,0,0,0,0,0,1,0,0
420,Scraggy,559,50,75,70,35,70,48,Shed Skin,Moxie,Intimidate,weak,0,1,0,0,0,1,0,0,0,0,0,0,0,0,0,0,0,0
421,Scrafty,560,65,90,115,45,115,58,Shed Skin,Moxie,Intimidate,weak,0,1,0,0,0,1,0,0,0,0,0,0,0,0,0,0,0,0
422,Sigilyph,561,72,58,80,103,80,97,Wonder Skin,Magic Guard,Tinted Lens,medium,0,0,0,0,0,0,0,1,0,0,0,0,0,0,1,0,0,0
423,Yamask,562,38,30,85,55,65,30,Mummy,none,none,weak,0,0,0,0,0,0,0,0,1,0,0,0,0,0,0,0,0,0
424,Yamask-Galar,562,38,55,85,30,65,30,Wandering Spirit,none,none,weak,0,0,0,0,0,0,0,0,1,0,1,0,0,0,0,0,0,0
425,Cofagrigus,563,58,50,145,95,105,30,Mummy,none,none,weak,0,0,0,0,0,0,0,0,1,0,0,0,0,0,0,0,0,0
426,Tirtouga,564,54,78,103,53,45,22,Solid Rock,Sturdy,Swift Swim,weak,0,0,0,0,0,0,0,0,0,0,0,0,0,0,0,1,0,1
427,Carracosta,565,74,108,133,83,65,32,Solid Rock,Sturdy,Swift Swim,weak,0,0,0,0,0,0,0,0,0,0,0,0,0,0,0,1,0,1
428,Archen,566,55,112,45,74,45,70,Defeatist,none,none,weak,0,0,0,0,0,0,0,1,0,0,0,0,0,0,0,1,0,0
429,Archeops,567,75,140,65,112,65,110,Defeatist,none,none,weak,0,0,0,0,0,0,0,1,0,0,0,0,0,0,0,1,0,0
430,Trubbish,568,50,50,62,40,62,65,Stench,Sticky Hold,Aftermath,weak,0,0,0,0,0,0,0,0,0,0,0,0,0,1,0,0,0,0
431,Garbodor,569,80,95,82,60,82,75,Stench,Weak Armor,Aftermath,weak,0,0,0,0,0,0,0,0,0,0,0,0,0,1,0,0,0,0
432,Garbodor-Gmax,569,80,95,82,60,82,75,Stench,Weak Armor,Aftermath,strong,0,0,0,0,0,0,0,0,0,0,0,0,0,1,0,0,0,0
433,Zorua,570,40,65,40,80,40,65,Illusion,none,none,weak,0,1,0,0,0,0,0,0,0,0,0,0,0,0,0,0,0,0
434,Zoroark,571,60,105,60,120,60,105,Illusion,none,none,medium,0,1,0,0,0,0,0,0,0,0,0,0,0,0,0,0,0,0
435,Minccino,572,55,50,40,40,40,75,Cute Charm,Technician,Skill Link,weak,0,0,0,0,0,0,0,0,0,0,0,0,1,0,0,0,0,0
436,Cinccino,573,75,95,60,65,60,115,Cute Charm,Technician,Skill Link,weak,0,0,0,0,0,0,0,0,0,0,0,0,1,0,0,0,0,0
437,Gothita,574,45,30,50,55,65,45,Frisk,Competitive,Shadow Tag,weak,0,0,0,0,0,0,0,0,0,0,0,0,0,0,1,0,0,0
438,Gothorita,575,60,45,70,75,85,55,Frisk,Competitive,Shadow Tag,weak,0,0,0,0,0,0,0,0,0,0,0,0,0,0,1,0,0,0
439,Gothitelle,576,70,55,95,95,110,65,Frisk,Competitive,Shadow Tag,weak,0,0,0,0,0,0,0,0,0,0,0,0,0,0,1,0,0,0
440,Solosis,577,45,30,40,105,50,20,Overcoat,Magic Guard,Regenerator,weak,0,0,0,0,0,0,0,0,0,0,0,0,0,0,1,0,0,0
441,Duosion,578,65,40,50,125,60,30,Overcoat,Magic Guard,Regenerator,weak,0,0,0,0,0,0,0,0,0,0,0,0,0,0,1,0,0,0
442,Reuniclus,579,110,65,75,125,85,30,Overcoat,Magic Guard,Regenerator,medium,0,0,0,0,0,0,0,0,0,0,0,0,0,0,1,0,0,0
443,Vanillite,582,36,50,50,65,60,44,Ice Body,Snow Cloak,Weak Armor,weak,0,0,0,0,0,0,0,0,0,0,0,1,0,0,0,0,0,0
444,Vanillish,583,51,65,65,80,75,59,Ice Body,Snow Cloak,Weak Armor,weak,0,0,0,0,0,0,0,0,0,0,0,1,0,0,0,0,0,0
445,Vanilluxe,584,71,95,85,110,95,79,Ice Body,Snow Warning,Weak Armor,weak,0,0,0,0,0,0,0,0,0,0,0,1,0,0,0,0,0,0
446,Emolga,587,55,75,60,75,60,103,Static,none,Motor Drive,weak,0,0,0,1,0,0,0,1,0,0,0,0,0,0,0,0,0,0
447,Karrablast,588,50,75,45,40,45,60,Swarm,Shed Skin,No Guard,weak,1,0,0,0,0,0,0,0,0,0,0,0,0,0,0,0,0,0
448,Escavalier,589,70,135,105,60,105,20,Swarm,Shell Armor,Overcoat,medium,1,0,0,0,0,0,0,0,0,0,0,0,0,0,0,0,1,0
449,Foongus,590,69,55,45,55,55,15,Effect Spore,none,Regenerator,weak,0,0,0,0,0,0,0,0,0,1,0,0,0,1,0,0,0,0
450,Amoonguss,591,114,85,70,85,80,30,Effect Spore,none,Regenerator,strong,0,0,0,0,0,0,0,0,0,1,0,0,0,1,0,0,0,0
451,Frillish,592,55,40,50,65,85,40,Water Absorb,Cursed Body,Damp,weak,0,0,0,0,0,0,0,0,1,0,0,0,0,0,0,0,0,1
452,Jellicent,593,100,60,70,85,105,60,Water Absorb,Cursed Body,Damp,weak,0,0,0,0,0,0,0,0,1,0,0,0,0,0,0,0,0,1
453,Joltik,595,50,47,50,57,50,65,Compound Eyes,Unnerve,Swarm,weak,1,0,0,1,0,0,0,0,0,0,0,0,0,0,0,0,0,0
454,Galvantula,596,70,77,60,97,60,108,Compound Eyes,Unnerve,Swarm,weak,1,0,0,1,0,0,0,0,0,0,0,0,0,0,0,0,0,0
455,Ferroseed,597,44,50,91,24,86,10,Iron Barbs,none,none,weak,0,0,0,0,0,0,0,0,0,1,0,0,0,0,0,0,1,0
456,Ferrothorn,598,74,94,131,54,116,20,Iron Barbs,none,Anticipation,strong,0,0,0,0,0,0,0,0,0,1,0,0,0,0,0,0,1,0
457,Klink,599,40,55,70,45,60,30,Plus,Minus,Clear Body,weak,0,0,0,0,0,0,0,0,0,0,0,0,0,0,0,0,1,0
458,Klang,600,60,80,95,70,85,50,Plus,Minus,Clear Body,weak,0,0,0,0,0,0,0,0,0,0,0,0,0,0,0,0,1,0
459,Klinklang,601,60,100,115,70,85,90,Plus,Minus,Clear Body,weak,0,0,0,0,0,0,0,0,0,0,0,0,0,0,0,0,1,0
460,Elgyem,605,55,55,55,85,55,30,Telepathy,Synchronize,Analytic,weak,0,0,0,0,0,0,0,0,0,0,0,0,0,0,1,0,0,0
461,Beheeyem,606,75,75,75,125,95,40,Telepathy,Synchronize,Analytic,weak,0,0,0,0,0,0,0,0,0,0,0,0,0,0,1,0,0,0
462,Litwick,607,50,30,55,65,55,20,Flash Fire,Flame Body,Infiltrator,weak,0,0,0,0,0,0,1,0,1,0,0,0,0,0,0,0,0,0
463,Lampent,608,60,40,60,95,60,55,Flash Fire,Flame Body,Infiltrator,weak,0,0,0,0,0,0,1,0,1,0,0,0,0,0,0,0,0,0
464,Chandelure,609,60,55,90,145,90,80,Flash Fire,Flame Body,Infiltrator,medium,0,0,0,0,0,0,1,0,1,0,0,0,0,0,0,0,0,0
465,Axew,610,46,87,60,30,40,57,Rivalry,Mold Breaker,Unnerve,weak,0,0,1,0,0,0,0,0,0,0,0,0,0,0,0,0,0,0
466,Fraxure,611,66,117,70,40,50,67,Rivalry,Mold Breaker,Unnerve,weak,0,0,1,0,0,0,0,0,0,0,0,0,0,0,0,0,0,0
467,Haxorus,612,76,147,90,60,70,97,Rivalry,Mold Breaker,Unnerve,medium,0,0,1,0,0,0,0,0,0,0,0,0,0,0,0,0,0,0
468,Cubchoo,613,55,70,40,60,40,40,Snow Cloak,Slush Rush,Rattled,weak,0,0,0,0,0,0,0,0,0,0,0,1,0,0,0,0,0,0
469,Beartic,614,95,130,80,70,80,50,Snow Cloak,Slush Rush,Swift Swim,weak,0,0,0,0,0,0,0,0,0,0,0,1,0,0,0,0,0,0
470,Cryogonal,615,80,50,50,95,135,105,Levitate,none,none,weak,0,0,0,0,0,0,0,0,0,0,0,1,0,0,0,0,0,0
471,Shelmet,616,50,40,85,40,65,25,Hydration,Shell Armor,Overcoat,weak,1,0,0,0,0,0,0,0,0,0,0,0,0,0,0,0,0,0
472,Accelgor,617,80,70,40,100,60,145,Hydration,Sticky Hold,Unburden,weak,1,0,0,0,0,0,0,0,0,0,0,0,0,0,0,0,0,0
473,Stunfisk,618,109,66,84,81,99,32,Static,Limber,Sand Veil,weak,0,0,0,1,0,0,0,0,0,0,1,0,0,0,0,0,0,0
474,Stunfisk-Galar,618,109,81,99,66,84,32,Mimicry,none,none,weak,0,0,0,0,0,0,0,0,0,0,1,0,0,0,0,0,1,0
475,Mienfoo,619,45,85,50,55,50,65,Inner Focus,Regenerator,Reckless,weak,0,0,0,0,0,1,0,0,0,0,0,0,0,0,0,0,0,0
476,Mienshao,620,65,125,60,95,60,105,Inner Focus,Regenerator,Reckless,medium,0,0,0,0,0,1,0,0,0,0,0,0,0,0,0,0,0,0
477,Druddigon,621,77,120,90,60,90,48,Rough Skin,Sheer Force,Mold Breaker,weak,0,0,1,0,0,0,0,0,0,0,0,0,0,0,0,0,0,0
478,Golett,622,59,74,50,35,50,35,Iron Fist,Klutz,No Guard,weak,0,0,0,0,0,0,0,0,1,0,1,0,0,0,0,0,0,0
479,Golurk,623,89,124,80,55,80,55,Iron Fist,Klutz,No Guard,medium,0,0,0,0,0,0,0,0,1,0,1,0,0,0,0,0,0,0
480,Pawniard,624,45,85,70,40,40,60,Defiant,Inner Focus,Pressure,weak,0,1,0,0,0,0,0,0,0,0,0,0,0,0,0,0,1,0
481,Bisharp,625,65,125,100,60,70,70,Defiant,Inner Focus,Pressure,strong,0,1,0,0,0,0,0,0,0,0,0,0,0,0,0,0,1,0
482,Bouffalant,626,95,110,95,40,95,55,Reckless,Sap Sipper,Soundproof,weak,0,0,0,0,0,0,0,0,0,0,0,0,1,0,0,0,0,0
483,Rufflet,627,70,83,50,37,50,60,Keen Eye,Sheer Force,Hustle,weak,0,0,0,0,0,0,0,1,0,0,0,0,1,0,0,0,0,0
484,Braviary,628,100,123,75,57,75,80,Keen Eye,Sheer Force,Defiant,medium,0,0,0,0,0,0,0,1,0,0,0,0,1,0,0,0,0,0
485,Vullaby,629,70,55,75,45,65,60,Big Pecks,Overcoat,Weak Armor,weak,0,1,0,0,0,0,0,1,0,0,0,0,0,0,0,0,0,0
486,Mandibuzz,630,110,65,105,55,95,80,Big Pecks,Overcoat,Weak Armor,strong,0,1,0,0,0,0,0,1,0,0,0,0,0,0,0,0,0,0
487,Heatmor,631,85,97,66,105,66,65,Gluttony,Flash Fire,White Smoke,weak,0,0,0,0,0,0,1,0,0,0,0,0,0,0,0,0,0,0
488,Durant,632,58,109,112,48,48,109,Swarm,Hustle,Truant,medium,1,0,0,0,0,0,0,0,0,0,0,0,0,0,0,0,1,0
489,Deino,633,52,65,50,45,50,38,Hustle,none,none,weak,0,1,1,0,0,0,0,0,0,0,0,0,0,0,0,0,0,0
490,Zweilous,634,72,85,70,65,70,58,Hustle,none,none,weak,0,1,1,0,0,0,0,0,0,0,0,0,0,0,0,0,0,0
491,Hydreigon,635,92,105,90,125,90,98,Levitate,none,none,strong,0,1,1,0,0,0,0,0,0,0,0,0,0,0,0,0,0,0
492,Larvesta,636,55,85,55,50,55,60,Flame Body,none,Swarm,weak,1,0,0,0,0,0,1,0,0,0,0,0,0,0,0,0,0,0
493,Volcarona,637,85,60,65,135,105,100,Flame Body,none,Swarm,strong,1,0,0,0,0,0,1,0,0,0,0,0,0,0,0,0,0,0
494,Cobalion,638,91,90,129,90,72,108,Justified,none,none,medium,0,0,0,0,0,1,0,0,0,0,0,0,0,0,0,0,1,0
495,Terrakion,639,91,129,90,72,90,108,Justified,none,none,strong,0,0,0,0,0,1,0,0,0,0,0,0,0,0,0,1,0,0
496,Virizion,640,91,90,72,90,129,108,Justified,none,none,weak,0,0,0,0,0,1,0,0,0,1,0,0,0,0,0,0,0,0
497,Tornadus,641,79,115,70,125,80,111,Prankster,none,Defiant,medium,0,0,0,0,0,0,0,1,0,0,0,0,0,0,0,0,0,0
498,Tornadus-Therian,641,79,100,80,110,90,121,Regenerator,none,none,strong,0,0,0,0,0,0,0,1,0,0,0,0,0,0,0,0,0,0
499,Thundurus,642,79,115,70,125,80,111,Prankster,none,Defiant,medium,0,0,0,1,0,0,0,1,0,0,0,0,0,0,0,0,0,0
500,Thundurus-Therian,642,79,105,70,145,80,101,Volt Absorb,none,none,strong,0,0,0,1,0,0,0,1,0,0,0,0,0,0,0,0,0,0
501,Reshiram,643,100,120,100,150,120,90,Turboblaze,none,none,strong,0,0,1,0,0,0,1,0,0,0,0,0,0,0,0,0,0,0
502,Zekrom,644,100,150,120,120,100,90,Teravolt,none,none,strong,0,0,1,1,0,0,0,0,0,0,0,0,0,0,0,0,0,0
503,Landorus,645,89,125,90,115,80,101,Sand Force,none,Sheer Force,strong,0,0,0,0,0,0,0,1,0,0,1,0,0,0,0,0,0,0
504,Landorus-Therian,645,89,145,90,105,80,91,Intimidate,none,none,strong,0,0,0,0,0,0,0,1,0,0,1,0,0,0,0,0,0,0
505,Kyurem,646,125,130,90,130,90,95,Pressure,none,none,strong,0,0,1,0,0,0,0,0,0,0,0,1,0,0,0,0,0,0
506,Kyurem-Black,646,125,170,100,120,90,95,Teravolt,none,none,strong,0,0,1,0,0,0,0,0,0,0,0,1,0,0,0,0,0,0
507,Kyurem-White,646,125,120,90,170,100,95,Turboblaze,none,none,strong,0,0,1,0,0,0,0,0,0,0,0,1,0,0,0,0,0,0
508,Keldeo,647,91,72,90,129,90,108,Justified,none,none,strong,0,0,0,0,0,1,0,0,0,0,0,0,0,0,0,0,0,1
509,Genesect,649,71,120,95,120,95,99,Download,none,none,strong,1,0,0,0,0,0,0,0,0,0,0,0,0,0,0,0,1,0
510,Genesect-Douse,649,71,120,95,120,95,99,Download,none,none,strong,1,0,0,0,0,0,0,0,0,0,0,0,0,0,0,0,1,0
511,Genesect-Shock,649,71,120,95,120,95,99,Download,none,none,strong,1,0,0,0,0,0,0,0,0,0,0,0,0,0,0,0,1,0
512,Genesect-Burn,649,71,120,95,120,95,99,Download,none,none,strong,1,0,0,0,0,0,0,0,0,0,0,0,0,0,0,0,1,0
513,Genesect-Chill,649,71,120,95,120,95,99,Download,none,none,strong,1,0,0,0,0,0,0,0,0,0,0,0,0,0,0,0,1,0
514,Bunnelby,659,38,36,38,32,36,57,Pickup,Cheek Pouch,Huge Power,weak,0,0,0,0,0,0,0,0,0,0,0,0,1,0,0,0,0,0
515,Diggersby,660,85,56,77,50,77,78,Pickup,Cheek Pouch,Huge Power,medium,0,0,0,0,0,0,0,0,0,0,1,0,1,0,0,0,0,0
516,Fletchling,661,45,50,43,40,38,62,Big Pecks,none,Gale Wings,weak,0,0,0,0,0,0,0,1,0,0,0,0,1,0,0,0,0,0
517,Fletchinder,662,62,73,55,56,52,84,Flame Body,none,Gale Wings,weak,0,0,0,0,0,0,1,1,0,0,0,0,0,0,0,0,0,0
518,Talonflame,663,78,81,71,74,69,126,Flame Body,none,Gale Wings,medium,0,0,0,0,0,0,1,1,0,0,0,0,0,0,0,0,0,0
519,Pancham,674,67,82,62,46,48,43,Iron Fist,Mold Breaker,Scrappy,weak,0,0,0,0,0,1,0,0,0,0,0,0,0,0,0,0,0,0
520,Pangoro,675,95,124,78,69,71,58,Iron Fist,Mold Breaker,Scrappy,medium,0,1,0,0,0,1,0,0,0,0,0,0,0,0,0,0,0,0
521,Espurr,677,62,48,54,63,60,68,Keen Eye,Infiltrator,Own Tempo,weak,0,0,0,0,0,0,0,0,0,0,0,0,0,0,1,0,0,0
522,Meowstic,678,74,48,76,83,81,104,Keen Eye,Infiltrator,Prankster,weak,0,0,0,0,0,0,0,0,0,0,0,0,0,0,1,0,0,0
523,Meowstic-F,678,74,48,76,83,81,104,Keen Eye,Infiltrator,Competitive,weak,0,0,0,0,0,0,0,0,0,0,0,0,0,0,1,0,0,0
524,Honedge,679,45,80,100,35,37,28,No Guard,none,none,weak,0,0,0,0,0,0,0,0,1,0,0,0,0,0,0,0,1,0
525,Doublade,680,59,110,150,45,49,35,No Guard,none,none,medium,0,0,0,0,0,0,0,0,1,0,0,0,0,0,0,0,1,0
526,Aegislash,681,60,50,140,50,140,60,Stance Change,none,none,strong,0,0,0,0,0,0,0,0,1,0,0,0,0,0,0,0,1,0
527,Spritzee,682,78,52,60,63,65,23,Healer,none,Aroma Veil,weak,0,0,0,0,1,0,0,0,0,0,0,0,0,0,0,0,0,0
528,Aromatisse,683,101,72,72,99,89,29,Healer,none,Aroma Veil,weak,0,0,0,0,1,0,0,0,0,0,0,0,0,0,0,0,0,0
529,Swirlix,684,62,48,66,59,57,49,Sweet Veil,none,Unburden,weak,0,0,0,0,1,0,0,0,0,0,0,0,0,0,0,0,0,0
530,Slurpuff,685,82,80,86,85,75,72,Sweet Veil,none,Unburden,medium,0,0,0,0,1,0,0,0,0,0,0,0,0,0,0,0,0,0
531,Inkay,686,53,54,53,37,46,45,Contrary,Suction Cups,Infiltrator,weak,0,1,0,0,0,0,0,0,0,0,0,0,0,0,1,0,0,0
532,Malamar,687,86,92,88,68,75,73,Contrary,Suction Cups,Infiltrator,weak,0,1,0,0,0,0,0,0,0,0,0,0,0,0,1,0,0,0
533,Binacle,688,42,52,67,39,56,50,Tough Claws,Sniper,Pickpocket,weak,0,0,0,0,0,0,0,0,0,0,0,0,0,0,0,1,0,1
534,Barbaracle,689,72,105,115,54,86,68,Tough Claws,Sniper,Pickpocket,medium,0,0,0,0,0,0,0,0,0,0,0,0,0,0,0,1,0,1
535,Skrelp,690,50,60,60,60,60,30,Poison Point,Poison Touch,Adaptability,weak,0,0,0,0,0,0,0,0,0,0,0,0,0,1,0,0,0,1
536,Dragalge,691,65,75,90,97,123,44,Poison Point,Poison Touch,Adaptability,medium,0,0,1,0,0,0,0,0,0,0,0,0,0,1,0,0,0,0
537,Clauncher,692,50,53,62,58,63,44,Mega Launcher,none,none,weak,0,0,0,0,0,0,0,0,0,0,0,0,0,0,0,0,0,1
538,Clawitzer,693,71,73,88,120,89,59,Mega Launcher,none,none,weak,0,0,0,0,0,0,0,0,0,0,0,0,0,0,0,0,0,1
539,Helioptile,694,44,38,33,61,43,70,Dry Skin,Sand Veil,Solar Power,weak,0,0,0,1,0,0,0,0,0,0,0,0,1,0,0,0,0,0
540,Heliolisk,695,62,55,52,109,94,109,Dry Skin,Sand Veil,Solar Power,weak,0,0,0,1,0,0,0,0,0,0,0,0,1,0,0,0,0,0
541,Tyrunt,696,58,89,77,45,45,48,Strong Jaw,none,Sturdy,weak,0,0,1,0,0,0,0,0,0,0,0,0,0,0,0,1,0,0
542,Tyrantrum,697,82,121,119,69,59,71,Strong Jaw,none,Rock Head,medium,0,0,1,0,0,0,0,0,0,0,0,0,0,0,0,1,0,0
543,Amaura,698,77,59,50,67,63,46,Refrigerate,none,Snow Warning,weak,0,0,0,0,0,0,0,0,0,0,0,1,0,0,0,1,0,0
544,Aurorus,699,123,77,72,99,92,58,Refrigerate,none,Snow Warning,weak,0,0,0,0,0,0,0,0,0,0,0,1,0,0,0,1,0,0
545,Sylveon,700,95,65,65,110,130,60,Cute Charm,none,Pixilate,medium,0,0,0,0,1,0,0,0,0,0,0,0,0,0,0,0,0,0
546,Hawlucha,701,78,92,75,74,63,118,Limber,Unburden,Mold Breaker,strong,0,0,0,0,0,1,0,1,0,0,0,0,0,0,0,0,0,0
547,Dedenne,702,67,58,57,81,67,101,Cheek Pouch,Pickup,Plus,weak,0,0,0,1,1,0,0,0,0,0,0,0,0,0,0,0,0,0
548,Carbink,703,50,50,150,50,150,50,Clear Body,none,Sturdy,weak,0,0,0,0,1,0,0,0,0,0,0,0,0,0,0,1,0,0
549,Goomy,704,45,50,35,55,75,40,Sap Sipper,Hydration,Gooey,weak,0,0,1,0,0,0,0,0,0,0,0,0,0,0,0,0,0,0
550,Sliggoo,705,68,75,53,83,113,60,Sap Sipper,Hydration,Gooey,weak,0,0,1,0,0,0,0,0,0,0,0,0,0,0,0,0,0,0
551,Goodra,706,90,100,70,110,150,80,Sap Sipper,Hydration,Gooey,medium,0,0,1,0,0,0,0,0,0,0,0,0,0,0,0,0,0,0
552,Klefki,707,57,80,91,80,87,75,Prankster,none,Magician,medium,0,0,0,0,1,0,0,0,0,0,0,0,0,0,0,0,1,0
553,Phantump,708,43,70,48,50,60,38,Natural Cure,Frisk,Harvest,weak,0,0,0,0,0,0,0,0,1,1,0,0,0,0,0,0,0,0
554,Trevenant,709,85,110,76,65,82,56,Natural Cure,Frisk,Harvest,weak,0,0,0,0,0,0,0,0,1,1,0,0,0,0,0,0,0,0
555,Pumpkaboo,710,49,66,70,44,55,51,Pickup,Frisk,Insomnia,weak,0,0,0,0,0,0,0,0,1,1,0,0,0,0,0,0,0,0
556,Pumpkaboo-Small,710,44,66,70,44,55,56,Pickup,Frisk,Insomnia,weak,0,0,0,0,0,0,0,0,1,1,0,0,0,0,0,0,0,0
557,Pumpkaboo-Large,710,54,66,70,44,55,46,Pickup,Frisk,Insomnia,weak,0,0,0,0,0,0,0,0,1,1,0,0,0,0,0,0,0,0
558,Pumpkaboo-Super,710,59,66,70,44,55,41,Pickup,Frisk,Insomnia,weak,0,0,0,0,0,0,0,0,1,1,0,0,0,0,0,0,0,0
559,Gourgeist,711,65,90,122,58,75,84,Pickup,Frisk,Insomnia,weak,0,0,0,0,0,0,0,0,1,1,0,0,0,0,0,0,0,0
560,Gourgeist-Small,711,55,85,122,58,75,99,Pickup,Frisk,Insomnia,weak,0,0,0,0,0,0,0,0,1,1,0,0,0,0,0,0,0,0
561,Gourgeist-Large,711,75,95,122,58,75,69,Pickup,Frisk,Insomnia,weak,0,0,0,0,0,0,0,0,1,1,0,0,0,0,0,0,0,0
562,Gourgeist-Super,711,85,100,122,58,75,54,Pickup,Frisk,Insomnia,weak,0,0,0,0,0,0,0,0,1,1,0,0,0,0,0,0,0,0
563,Bergmite,712,55,69,85,32,35,28,Own Tempo,Ice Body,Sturdy,weak,0,0,0,0,0,0,0,0,0,0,0,1,0,0,0,0,0,0
564,Avalugg,713,95,117,184,44,46,28,Own Tempo,Ice Body,Sturdy,weak,0,0,0,0,0,0,0,0,0,0,0,1,0,0,0,0,0,0
565,Noibat,714,40,30,35,45,40,55,Frisk,Infiltrator,Telepathy,weak,0,0,1,0,0,0,0,1,0,0,0,0,0,0,0,0,0,0
566,Noivern,715,85,70,80,97,80,123,Frisk,Infiltrator,Telepathy,medium,0,0,1,0,0,0,0,1,0,0,0,0,0,0,0,0,0,0
567,Xerneas,716,126,131,95,131,98,99,Fairy Aura,none,none,strong,0,0,0,0,1,0,0,0,0,0,0,0,0,0,0,0,0,0
568,Yveltal,717,126,131,95,131,98,99,Dark Aura,none,none,strong,0,1,0,0,0,0,0,1,0,0,0,0,0,0,0,0,0,0
569,Zygarde,718,108,100,121,81,95,95,Aura Break,none,none,strong,0,0,1,0,0,0,0,0,0,0,1,0,0,0,0,0,0,0
570,Zygarde-10%,718,54,100,71,61,85,115,Aura Break,none,none,medium,0,0,1,0,0,0,0,0,0,0,1,0,0,0,0,0,0,0
571,Zygarde-Complete,718,216,100,121,91,95,85,Power Construct,none,none,strong,0,0,1,0,0,0,0,0,0,0,1,0,0,0,0,0,0,0
572,Diancie,719,50,100,150,100,150,50,Clear Body,none,none,medium,0,0,0,0,1,0,0,0,0,0,0,0,0,0,0,1,0,0
573,Volcanion,721,80,110,120,130,90,70,Water Absorb,none,none,medium,0,0,0,0,0,0,1,0,0,0,0,0,0,0,0,0,0,1
574,Rowlet,722,68,55,55,50,50,42,Overgrow,none,Long Reach,weak,0,0,0,0,0,0,0,1,0,1,0,0,0,0,0,0,0,0
575,Dartrix,723,78,75,75,70,70,52,Overgrow,none,Long Reach,weak,0,0,0,0,0,0,0,1,0,1,0,0,0,0,0,0,0,0
576,Decidueye,724,78,107,75,100,100,70,Overgrow,none,Long Reach,medium,0,0,0,0,0,0,0,0,1,1,0,0,0,0,0,0,0,0
577,Litten,725,45,65,40,60,40,70,Blaze,none,Intimidate,weak,0,0,0,0,0,0,1,0,0,0,0,0,0,0,0,0,0,0
578,Torracat,726,65,85,50,80,50,90,Blaze,none,Intimidate,weak,0,0,0,0,0,0,1,0,0,0,0,0,0,0,0,0,0,0
579,Incineroar,727,95,115,90,80,90,60,Blaze,none,Intimidate,medium,0,1,0,0,0,0,1,0,0,0,0,0,0,0,0,0,0,0
580,Popplio,728,50,54,54,66,56,40,Torrent,none,Liquid Voice,weak,0,0,0,0,0,0,0,0,0,0,0,0,0,0,0,0,0,1
581,Brionne,729,60,69,69,91,81,50,Torrent,none,Liquid Voice,weak,0,0,0,0,0,0,0,0,0,0,0,0,0,0,0,0,0,1
582,Primarina,730,80,74,74,126,116,60,Torrent,none,Liquid Voice,strong,0,0,0,0,1,0,0,0,0,0,0,0,0,0,0,0,0,1
583,Grubbin,736,47,62,45,55,45,46,Swarm,none,none,weak,1,0,0,0,0,0,0,0,0,0,0,0,0,0,0,0,0,0
584,Charjabug,737,57,82,95,55,75,36,Battery,none,none,weak,1,0,0,1,0,0,0,0,0,0,0,0,0,0,0,0,0,0
585,Vikavolt,738,77,70,90,145,75,43,Levitate,none,none,weak,1,0,0,1,0,0,0,0,0,0,0,0,0,0,0,0,0,0
586,Cutiefly,742,40,45,40,55,40,84,Honey Gather,Shield Dust,Sweet Veil,weak,1,0,0,0,1,0,0,0,0,0,0,0,0,0,0,0,0,0
587,Ribombee,743,60,55,60,95,70,124,Honey Gather,Shield Dust,Sweet Veil,weak,1,0,0,0,1,0,0,0,0,0,0,0,0,0,0,0,0,0
588,Rockruff,744,45,65,40,30,40,60,Keen Eye,Vital Spirit,Steadfast,weak,0,0,0,0,0,0,0,0,0,0,0,0,0,0,0,1,0,0
589,Lycanroc,745,75,115,65,55,65,112,Keen Eye,Sand Rush,Steadfast,weak,0,0,0,0,0,0,0,0,0,0,0,0,0,0,0,1,0,0
590,Lycanroc-Midnight,745,85,115,75,55,75,82,Keen Eye,Vital Spirit,No Guard,weak,0,0,0,0,0,0,0,0,0,0,0,0,0,0,0,1,0,0
591,Lycanroc-Dusk,745,75,117,65,55,65,110,Tough Claws,none,none,strong,0,0,0,0,0,0,0,0,0,0,0,0,0,0,0,1,0,0
592,Wishiwashi,746,45,20,20,25,25,40,Schooling,none,none,weak,0,0,0,0,0,0,0,0,0,0,0,0,0,0,0,0,0,1
593,Mareanie,747,50,53,62,43,52,45,Merciless,Limber,Regenerator,weak,0,0,0,0,0,0,0,0,0,0,0,0,0,1,0,0,0,1
594,Toxapex,748,50,63,152,53,142,35,Merciless,Limber,Regenerator,strong,0,0,0,0,0,0,0,0,0,0,0,0,0,1,0,0,0,1
595,Mudbray,749,70,100,70,45,55,45,Own Tempo,Stamina,Inner Focus,weak,0,0,0,0,0,0,0,0,0,0,1,0,0,0,0,0,0,0
596,Mudsdale,750,100,125,100,55,85,35,Own Tempo,Stamina,Inner Focus,medium,0,0,0,0,0,0,0,0,0,0,1,0,0,0,0,0,0,0
597,Dewpider,751,38,40,52,40,72,27,Water Bubble,none,Water Absorb,weak,1,0,0,0,0,0,0,0,0,0,0,0,0,0,0,0,0,1
598,Araquanid,752,68,70,92,50,132,42,Water Bubble,none,Water Absorb,medium,1,0,0,0,0,0,0,0,0,0,0,0,0,0,0,0,0,1
599,Fomantis,753,40,55,35,50,35,35,Leaf Guard,none,Contrary,weak,0,0,0,0,0,0,0,0,0,1,0,0,0,0,0,0,0,0
600,Lurantis,754,70,105,90,80,90,45,Leaf Guard,none,Contrary,weak,0,0,0,0,0,0,0,0,0,1,0,0,0,0,0,0,0,0
601,Morelull,755,40,35,55,65,75,15,Illuminate,Effect Spore,Rain Dish,weak,0,0,0,0,1,0,0,0,0,1,0,0,0,0,0,0,0,0
602,Shiinotic,756,60,45,80,90,100,30,Illuminate,Effect Spore,Rain Dish,weak,0,0,0,0,1,0,0,0,0,1,0,0,0,0,0,0,0,0
603,Salandit,757,48,44,40,71,40,77,Corrosion,none,Oblivious,weak,0,0,0,0,0,0,1,0,0,0,0,0,0,1,0,0,0,0
604,Salazzle,758,68,64,60,111,60,117,Corrosion,none,Oblivious,medium,0,0,0,0,0,0,1,0,0,0,0,0,0,1,0,0,0,0
605,Stufful,759,70,75,50,45,50,50,Fluffy,Klutz,Cute Charm,weak,0,0,0,0,0,1,0,0,0,0,0,0,1,0,0,0,0,0
606,Bewear,760,120,125,80,55,60,60,Fluffy,Klutz,Unnerve,medium,0,0,0,0,0,1,0,0,0,0,0,0,1,0,0,0,0,0
607,Bounsweet,761,42,30,38,30,38,32,Leaf Guard,Oblivious,Sweet Veil,weak,0,0,0,0,0,0,0,0,0,1,0,0,0,0,0,0,0,0
608,Steenee,762,52,40,48,40,48,62,Leaf Guard,Oblivious,Sweet Veil,weak,0,0,0,0,0,0,0,0,0,1,0,0,0,0,0,0,0,0
609,Tsareena,763,72,120,98,50,98,72,Leaf Guard,Queenly Majesty,Sweet Veil,weak,0,0,0,0,0,0,0,0,0,1,0,0,0,0,0,0,0,0
610,Comfey,764,51,52,90,82,110,100,Flower Veil,Triage,Natural Cure,medium,0,0,0,0,1,0,0,0,0,0,0,0,0,0,0,0,0,0
611,Oranguru,765,90,60,80,90,110,60,Inner Focus,Telepathy,Symbiosis,weak,0,0,0,0,0,0,0,0,0,0,0,0,1,0,1,0,0,0
612,Passimian,766,100,120,90,40,60,80,Receiver,none,Defiant,weak,0,0,0,0,0,1,0,0,0,0,0,0,0,0,0,0,0,0
613,Wimpod,767,25,35,40,20,30,80,Wimp Out,none,none,weak,1,0,0,0,0,0,0,0,0,0,0,0,0,0,0,0,0,1
614,Golisopod,768,75,125,140,60,90,40,Emergency Exit,none,none,medium,1,0,0,0,0,0,0,0,0,0,0,0,0,0,0,0,0,1
615,Sandygast,769,55,55,80,70,45,15,Water Compaction,none,Sand Veil,weak,0,0,0,0,0,0,0,0,1,0,1,0,0,0,0,0,0,0
616,Palossand,770,85,75,110,100,75,35,Water Compaction,none,Sand Veil,weak,0,0,0,0,0,0,0,0,1,0,1,0,0,0,0,0,0,0
617,Pyukumuku,771,55,60,130,30,130,5,Innards Out,none,Unaware,weak,0,0,0,0,0,0,0,0,0,0,0,0,0,0,0,0,0,1
618,Type: Null,772,95,95,95,95,95,59,Battle Armor,none,none,weak,0,0,0,0,0,0,0,0,0,0,0,0,1,0,0,0,0,0
619,Silvally,773,95,95,95,95,95,95,RKS System,none,none,weak,0,0,0,0,0,0,0,0,0,0,0,0,1,0,0,0,0,0
620,Silvally-Bug,773,95,95,95,95,95,95,RKS System,none,none,weak,1,0,0,0,0,0,0,0,0,0,0,0,0,0,0,0,0,0
621,Silvally-Dark,773,95,95,95,95,95,95,RKS System,none,none,weak,0,1,0,0,0,0,0,0,0,0,0,0,0,0,0,0,0,0
622,Silvally-Dragon,773,95,95,95,95,95,95,RKS System,none,none,weak,0,0,1,0,0,0,0,0,0,0,0,0,0,0,0,0,0,0
623,Silvally-Electric,773,95,95,95,95,95,95,RKS System,none,none,weak,0,0,0,1,0,0,0,0,0,0,0,0,0,0,0,0,0,0
624,Silvally-Fairy,773,95,95,95,95,95,95,RKS System,none,none,weak,0,0,0,0,1,0,0,0,0,0,0,0,0,0,0,0,0,0
625,Silvally-Fighting,773,95,95,95,95,95,95,RKS System,none,none,weak,0,0,0,0,0,1,0,0,0,0,0,0,0,0,0,0,0,0
626,Silvally-Fire,773,95,95,95,95,95,95,RKS System,none,none,weak,0,0,0,0,0,0,1,0,0,0,0,0,0,0,0,0,0,0
627,Silvally-Flying,773,95,95,95,95,95,95,RKS System,none,none,weak,0,0,0,0,0,0,0,1,0,0,0,0,0,0,0,0,0,0
628,Silvally-Ghost,773,95,95,95,95,95,95,RKS System,none,none,weak,0,0,0,0,0,0,0,0,1,0,0,0,0,0,0,0,0,0
629,Silvally-Grass,773,95,95,95,95,95,95,RKS System,none,none,weak,0,0,0,0,0,0,0,0,0,1,0,0,0,0,0,0,0,0
630,Silvally-Ground,773,95,95,95,95,95,95,RKS System,none,none,weak,0,0,0,0,0,0,0,0,0,0,1,0,0,0,0,0,0,0
631,Silvally-Ice,773,95,95,95,95,95,95,RKS System,none,none,weak,0,0,0,0,0,0,0,0,0,0,0,1,0,0,0,0,0,0
632,Silvally-Poison,773,95,95,95,95,95,95,RKS System,none,none,weak,0,0,0,0,0,0,0,0,0,0,0,0,0,1,0,0,0,0
633,Silvally-Psychic,773,95,95,95,95,95,95,RKS System,none,none,weak,0,0,0,0,0,0,0,0,0,0,0,0,0,0,1,0,0,0
634,Silvally-Rock,773,95,95,95,95,95,95,RKS System,none,none,weak,0,0,0,0,0,0,0,0,0,0,0,0,0,0,0,1,0,0
635,Silvally-Steel,773,95,95,95,95,95,95,RKS System,none,none,weak,0,0,0,0,0,0,0,0,0,0,0,0,0,0,0,0,1,0
636,Silvally-Water,773,95,95,95,95,95,95,RKS System,none,none,weak,0,0,0,0,0,0,0,0,0,0,0,0,0,0,0,0,0,1
637,Turtonator,776,60,78,135,91,85,36,Shell Armor,none,none,weak,0,0,1,0,0,0,1,0,0,0,0,0,0,0,0,0,0,0
638,Togedemaru,777,65,98,63,40,73,96,Iron Barbs,Lightning Rod,Sturdy,weak,0,0,0,1,0,0,0,0,0,0,0,0,0,0,0,0,1,0
639,Mimikyu,778,55,90,80,50,105,96,Disguise,none,none,medium,0,0,0,0,1,0,0,0,1,0,0,0,0,0,0,0,0,0
640,Drampa,780,78,60,85,135,91,36,Berserk,Sap Sipper,Cloud Nine,weak,0,0,1,0,0,0,0,0,0,0,0,0,1,0,0,0,0,0
641,Dhelmise,781,70,131,100,86,90,40,Steelworker,none,none,medium,0,0,0,0,0,0,0,0,1,1,0,0,0,0,0,0,0,0
642,Jangmo-o,782,45,55,65,45,45,45,Bulletproof,Soundproof,Overcoat,weak,0,0,1,0,0,0,0,0,0,0,0,0,0,0,0,0,0,0
643,Hakamo-o,783,55,75,90,65,70,65,Bulletproof,Soundproof,Overcoat,weak,0,0,1,0,0,1,0,0,0,0,0,0,0,0,0,0,0,0
644,Kommo-o,784,75,110,125,100,105,85,Bulletproof,Soundproof,Overcoat,strong,0,0,1,0,0,1,0,0,0,0,0,0,0,0,0,0,0,0
645,Tapu Koko,785,70,115,85,95,75,130,Electric Surge,none,Telepathy,strong,0,0,0,1,1,0,0,0,0,0,0,0,0,0,0,0,0,0
646,Tapu Lele,786,70,85,75,130,115,95,Psychic Surge,none,Telepathy,strong,0,0,0,0,1,0,0,0,0,0,0,0,0,0,1,0,0,0
647,Tapu Bulu,787,70,130,115,85,95,75,Grassy Surge,none,Telepathy,strong,0,0,0,0,1,0,0,0,0,1,0,0,0,0,0,0,0,0
648,Tapu Fini,788,70,75,115,95,130,85,Misty Surge,none,Telepathy,strong,0,0,0,0,1,0,0,0,0,0,0,0,0,0,0,0,0,1
649,Cosmog,789,43,29,31,29,31,37,Unaware,none,none,weak,0,0,0,0,0,0,0,0,0,0,0,0,0,0,1,0,0,0
650,Cosmoem,790,43,29,131,29,131,37,Sturdy,none,none,weak,0,0,0,0,0,0,0,0,0,0,0,0,0,0,1,0,0,0
651,Solgaleo,791,137,137,107,113,89,97,Full Metal Body,none,none,strong,0,0,0,0,0,0,0,0,0,0,0,0,0,0,1,0,1,0
652,Lunala,792,137,113,89,137,107,97,Shadow Shield,none,none,strong,0,0,0,0,0,0,0,0,1,0,0,0,0,0,1,0,0,0
653,Nihilego,793,109,53,47,127,131,103,Beast Boost,none,none,strong,0,0,0,0,0,0,0,0,0,0,0,0,0,1,0,1,0,0
654,Buzzwole,794,107,139,139,53,53,79,Beast Boost,none,none,strong,1,0,0,0,0,1,0,0,0,0,0,0,0,0,0,0,0,0
655,Pheromosa,795,71,137,37,137,37,151,Beast Boost,none,none,strong,1,0,0,0,0,1,0,0,0,0,0,0,0,0,0,0,0,0
656,Xurkitree,796,83,89,71,173,71,83,Beast Boost,none,none,medium,0,0,0,1,0,0,0,0,0,0,0,0,0,0,0,0,0,0
657,Celesteela,797,97,101,103,107,101,61,Beast Boost,none,none,strong,0,0,0,0,0,0,0,1,0,0,0,0,0,0,0,0,1,0
658,Kartana,798,59,181,131,59,31,109,Beast Boost,none,none,strong,0,0,0,0,0,0,0,0,0,1,0,0,0,0,0,0,1,0
659,Guzzlord,799,223,101,53,97,53,43,Beast Boost,none,none,weak,0,1,1,0,0,0,0,0,0,0,0,0,0,0,0,0,0,0
660,Necrozma,800,97,107,101,127,89,79,Prism Armor,none,none,medium,0,0,0,0,0,0,0,0,0,0,0,0,0,0,1,0,0,0
661,Necrozma-Dusk-Mane,800,97,157,127,113,109,77,Prism Armor,none,none,strong,0,0,0,0,0,0,0,0,0,0,0,0,0,0,1,0,1,0
662,Necrozma-Dawn-Wings,800,97,113,109,157,127,77,Prism Armor,none,none,strong,0,0,0,0,0,0,0,0,1,0,0,0,0,0,1,0,0,0
663,Magearna,801,80,95,115,130,115,65,Soul-Heart,none,none,strong,0,0,0,0,1,0,0,0,0,0,0,0,0,0,0,0,1,0
664,Magearna-Original,801,80,95,115,130,115,65,Soul-Heart,none,none,strong,0,0,0,0,1,0,0,0,0,0,0,0,0,0,0,0,1,0
665,Marshadow,802,90,125,80,90,90,125,Technician,none,none,strong,0,0,0,0,0,1,0,0,1,0,0,0,0,0,0,0,0,0
666,Poipole,803,67,73,67,73,67,73,Beast Boost,none,none,weak,0,0,0,0,0,0,0,0,0,0,0,0,0,1,0,0,0,0
667,Naganadel,804,73,73,73,127,73,121,Beast Boost,none,none,strong,0,0,1,0,0,0,0,0,0,0,0,0,0,1,0,0,0,0
668,Stakataka,805,61,131,211,53,101,13,Beast Boost,none,none,medium,0,0,0,0,0,0,0,0,0,0,0,0,0,0,0,1,1,0
669,Blacephalon,806,53,127,53,151,79,107,Beast Boost,none,none,strong,0,0,0,0,0,0,1,0,1,0,0,0,0,0,0,0,0,0
670,Zeraora,807,88,112,75,102,80,143,Volt Absorb,none,none,strong,0,0,0,1,0,0,0,0,0,0,0,0,0,0,0,0,0,0
671,Meltan,808,46,65,65,55,35,34,Magnet Pull,none,none,weak,0,0,0,0,0,0,0,0,0,0,0,0,0,0,0,0,1,0
672,Melmetal,809,135,143,143,80,65,34,Iron Fist,none,none,strong,0,0,0,0,0,0,0,0,0,0,0,0,0,0,0,0,1,0
673,Melmetal-Gmax,809,135,143,143,80,65,34,Iron Fist,none,none,strong,0,0,0,0,0,0,0,0,0,0,0,0,0,0,0,0,1,0
674,Grookey,810,50,65,50,40,40,65,Overgrow,none,Grassy Surge,weak,0,0,0,0,0,0,0,0,0,1,0,0,0,0,0,0,0,0
675,Thwackey,811,70,85,70,55,60,80,Overgrow,none,Grassy Surge,weak,0,0,0,0,0,0,0,0,0,1,0,0,0,0,0,0,0,0
676,Rillaboom,812,100,125,90,60,70,85,Overgrow,none,Grassy Surge,strong,0,0,0,0,0,0,0,0,0,1,0,0,0,0,0,0,0,0
677,Rillaboom-Gmax,812,100,125,90,60,70,85,Overgrow,none,Grassy Surge,strong,0,0,0,0,0,0,0,0,0,1,0,0,0,0,0,0,0,0
678,Scorbunny,813,50,71,40,40,40,69,Blaze,none,Libero,weak,0,0,0,0,0,0,1,0,0,0,0,0,0,0,0,0,0,0
679,Raboot,814,65,86,60,55,60,94,Blaze,none,Libero,weak,0,0,0,0,0,0,1,0,0,0,0,0,0,0,0,0,0,0
680,Cinderace,815,80,116,75,65,75,119,Blaze,none,Libero,strong,0,0,0,0,0,0,1,0,0,0,0,0,0,0,0,0,0,0
681,Cinderace-Gmax,815,80,116,75,65,75,119,Blaze,none,Libero,strong,0,0,0,0,0,0,1,0,0,0,0,0,0,0,0,0,0,0
682,Sobble,816,50,40,40,70,40,70,Torrent,none,Sniper,weak,0,0,0,0,0,0,0,0,0,0,0,0,0,0,0,0,0,1
683,Drizzile,817,65,60,55,95,55,90,Torrent,none,Sniper,weak,0,0,0,0,0,0,0,0,0,0,0,0,0,0,0,0,0,1
684,Inteleon,818,70,85,65,125,65,120,Torrent,none,Sniper,medium,0,0,0,0,0,0,0,0,0,0,0,0,0,0,0,0,0,1
685,Inteleon-Gmax,818,70,85,65,125,65,120,Torrent,none,Sniper,strong,0,0,0,0,0,0,0,0,0,0,0,0,0,0,0,0,0,1
686,Skwovet,819,70,55,55,35,35,25,Cheek Pouch,none,Gluttony,weak,0,0,0,0,0,0,0,0,0,0,0,0,1,0,0,0,0,0
687,Greedent,820,120,95,95,55,75,20,Cheek Pouch,none,Gluttony,weak,0,0,0,0,0,0,0,0,0,0,0,0,1,0,0,0,0,0
688,Rookidee,821,38,47,35,33,35,57,Keen Eye,Unnerve,Big Pecks,weak,0,0,0,0,0,0,0,1,0,0,0,0,0,0,0,0,0,0
689,Corvisquire,822,68,67,55,43,55,77,Keen Eye,Unnerve,Big Pecks,weak,0,0,0,0,0,0,0,1,0,0,0,0,0,0,0,0,0,0
690,Corviknight,823,98,87,105,53,85,67,Pressure,Unnerve,Mirror Armor,strong,0,0,0,0,0,0,0,1,0,0,0,0,0,0,0,0,1,0
691,Corviknight-Gmax,823,98,87,105,53,85,67,Pressure,Unnerve,Mirror Armor,strong,0,0,0,0,0,0,0,1,0,0,0,0,0,0,0,0,1,0
692,Blipbug,824,25,20,20,25,45,45,Swarm,Compound Eyes,Telepathy,weak,1,0,0,0,0,0,0,0,0,0,0,0,0,0,0,0,0,0
693,Dottler,825,50,35,80,50,90,30,Swarm,Compound Eyes,Telepathy,weak,1,0,0,0,0,0,0,0,0,0,0,0,0,0,1,0,0,0
694,Orbeetle,826,60,45,110,80,120,90,Swarm,Frisk,Telepathy,weak,1,0,0,0,0,0,0,0,0,0,0,0,0,0,1,0,0,0
695,Orbeetle-Gmax,826,60,45,110,80,120,90,Swarm,Frisk,Telepathy,strong,1,0,0,0,0,0,0,0,0,0,0,0,0,0,1,0,0,0
696,Nickit,827,40,28,28,47,52,50,Run Away,Unburden,Stakeout,weak,0,1,0,0,0,0,0,0,0,0,0,0,0,0,0,0,0,0
697,Thievul,828,70,58,58,87,92,90,Run Away,Unburden,Stakeout,weak,0,1,0,0,0,0,0,0,0,0,0,0,0,0,0,0,0,0
698,Gossifleur,829,40,40,60,40,60,10,Cotton Down,Regenerator,Effect Spore,weak,0,0,0,0,0,0,0,0,0,1,0,0,0,0,0,0,0,0
699,Eldegoss,830,60,50,90,80,120,60,Cotton Down,Regenerator,Effect Spore,weak,0,0,0,0,0,0,0,0,0,1,0,0,0,0,0,0,0,0
700,Wooloo,831,42,40,55,40,45,48,Fluffy,Run Away,Bulletproof,weak,0,0,0,0,0,0,0,0,0,0,0,0,1,0,0,0,0,0
701,Dubwool,832,72,80,100,60,90,88,Fluffy,Steadfast,Bulletproof,weak,0,0,0,0,0,0,0,0,0,0,0,0,1,0,0,0,0,0
702,Chewtle,833,50,64,50,38,38,44,Strong Jaw,Shell Armor,Swift Swim,weak,0,0,0,0,0,0,0,0,0,0,0,0,0,0,0,0,0,1
703,Drednaw,834,90,115,90,48,68,74,Strong Jaw,Shell Armor,Swift Swim,weak,0,0,0,0,0,0,0,0,0,0,0,0,0,0,0,1,0,1
704,Drednaw-Gmax,834,90,115,90,48,68,74,Strong Jaw,Shell Armor,Swift Swim,strong,0,0,0,0,0,0,0,0,0,0,0,0,0,0,0,1,0,1
705,Yamper,835,59,45,50,40,50,26,Ball Fetch,none,Rattled,weak,0,0,0,1,0,0,0,0,0,0,0,0,0,0,0,0,0,0
706,Boltund,836,69,90,60,90,60,121,Strong Jaw,none,Competitive,weak,0,0,0,1,0,0,0,0,0,0,0,0,0,0,0,0,0,0
707,Rolycoly,837,30,40,50,40,50,30,Steam Engine,Heatproof,Flash Fire,weak,0,0,0,0,0,0,0,0,0,0,0,0,0,0,0,1,0,0
708,Carkol,838,80,60,90,60,70,50,Steam Engine,Flame Body,Flash Fire,weak,0,0,0,0,0,0,1,0,0,0,0,0,0,0,0,1,0,0
709,Coalossal,839,110,80,120,80,90,30,Steam Engine,Flame Body,Flash Fire,weak,0,0,0,0,0,0,1,0,0,0,0,0,0,0,0,1,0,0
710,Coalossal-Gmax,839,110,80,120,80,90,30,Steam Engine,Flame Body,Flash Fire,strong,0,0,0,0,0,0,1,0,0,0,0,0,0,0,0,1,0,0
711,Applin,840,40,40,80,40,40,20,Ripen,Gluttony,Bulletproof,weak,0,0,1,0,0,0,0,0,0,1,0,0,0,0,0,0,0,0
712,Flapple,841,70,110,80,95,60,70,Ripen,Gluttony,Hustle,weak,0,0,1,0,0,0,0,0,0,1,0,0,0,0,0,0,0,0
713,Flapple-Gmax,841,70,110,80,95,60,70,Ripen,Gluttony,Hustle,strong,0,0,1,0,0,0,0,0,0,1,0,0,0,0,0,0,0,0
714,Appletun,842,110,85,80,100,80,30,Ripen,Gluttony,Thick Fat,weak,0,0,1,0,0,0,0,0,0,1,0,0,0,0,0,0,0,0
715,Appletun-Gmax,842,110,85,80,100,80,30,Ripen,Gluttony,Thick Fat,strong,0,0,1,0,0,0,0,0,0,1,0,0,0,0,0,0,0,0
716,Silicobra,843,52,57,75,35,50,46,Sand Spit,Shed Skin,Sand Veil,weak,0,0,0,0,0,0,0,0,0,0,1,0,0,0,0,0,0,0
717,Sandaconda,844,72,107,125,65,70,71,Sand Spit,Shed Skin,Sand Veil,weak,0,0,0,0,0,0,0,0,0,0,1,0,0,0,0,0,0,0
718,Sandaconda-Gmax,844,72,107,125,65,70,71,Sand Spit,Shed Skin,Sand Veil,strong,0,0,0,0,0,0,0,0,0,0,1,0,0,0,0,0,0,0
719,Cramorant,845,70,85,55,85,95,85,Gulp Missile,none,none,weak,0,0,0,0,0,0,0,1,0,0,0,0,0,0,0,0,0,1
720,Arrokuda,846,41,63,40,40,30,66,Swift Swim,none,Propeller Tail,weak,0,0,0,0,0,0,0,0,0,0,0,0,0,0,0,0,0,1
721,Barraskewda,847,61,123,60,60,50,136,Swift Swim,none,Propeller Tail,medium,0,0,0,0,0,0,0,0,0,0,0,0,0,0,0,0,0,1
722,Toxel,848,40,38,35,54,35,40,Rattled,Static,Klutz,weak,0,0,0,1,0,0,0,0,0,0,0,0,0,1,0,0,0,0
723,Toxtricity,849,75,98,70,114,70,75,Punk Rock,Plus,Technician,medium,0,0,0,1,0,0,0,0,0,0,0,0,0,1,0,0,0,0
724,Toxtricity-Low-Key,849,75,98,70,114,70,75,Punk Rock,Minus,Technician,medium,0,0,0,1,0,0,0,0,0,0,0,0,0,1,0,0,0,0
725,Toxtricity-Gmax,849,75,98,70,114,70,75,Punk Rock,Plus,Technician,strong,0,0,0,1,0,0,0,0,0,0,0,0,0,1,0,0,0,0
726,Toxtricity-Low-Key-Gmax,849,75,98,70,114,70,75,Punk Rock,Minus,Technician,strong,0,0,0,1,0,0,0,0,0,0,0,0,0,1,0,0,0,0
727,Sizzlipede,850,50,65,45,50,50,45,Flash Fire,White Smoke,Flame Body,weak,1,0,0,0,0,0,1,0,0,0,0,0,0,0,0,0,0,0
728,Centiskorch,851,100,115,65,90,90,65,Flash Fire,White Smoke,Flame Body,weak,1,0,0,0,0,0,1,0,0,0,0,0,0,0,0,0,0,0
729,Centiskorch-Gmax,851,100,115,65,90,90,65,Flash Fire,White Smoke,Flame Body,strong,1,0,0,0,0,0,1,0,0,0,0,0,0,0,0,0,0,0
730,Clobbopus,852,50,68,60,50,50,32,Limber,none,Technician,weak,0,0,0,0,0,1,0,0,0,0,0,0,0,0,0,0,0,0
731,Grapploct,853,80,118,90,70,80,42,Limber,none,Technician,weak,0,0,0,0,0,1,0,0,0,0,0,0,0,0,0,0,0,0
732,Sinistea,854,40,45,45,74,54,50,Weak Armor,none,Cursed Body,weak,0,0,0,0,0,0,0,0,1,0,0,0,0,0,0,0,0,0
733,Polteageist,855,60,65,65,134,114,70,Weak Armor,none,Cursed Body,medium,0,0,0,0,0,0,0,0,1,0,0,0,0,0,0,0,0,0
734,Hatenna,856,42,30,45,56,53,39,Healer,Anticipation,Magic Bounce,weak,0,0,0,0,0,0,0,0,0,0,0,0,0,0,1,0,0,0
735,Hattrem,857,57,40,65,86,73,49,Healer,Anticipation,Magic Bounce,weak,0,0,0,0,0,0,0,0,0,0,0,0,0,0,1,0,0,0
736,Hatterene,858,57,90,95,136,103,29,Healer,Anticipation,Magic Bounce,strong,0,0,0,0,1,0,0,0,0,0,0,0,0,0,1,0,0,0
737,Hatterene-Gmax,858,57,90,95,136,103,29,Healer,Anticipation,Magic Bounce,strong,0,0,0,0,1,0,0,0,0,0,0,0,0,0,1,0,0,0
738,Impidimp,859,45,45,30,55,40,50,Prankster,Frisk,Pickpocket,weak,0,1,0,0,1,0,0,0,0,0,0,0,0,0,0,0,0,0
739,Morgrem,860,65,60,45,75,55,70,Prankster,Frisk,Pickpocket,weak,0,1,0,0,1,0,0,0,0,0,0,0,0,0,0,0,0,0
740,Grimmsnarl,861,95,120,65,95,75,60,Prankster,Frisk,Pickpocket,strong,0,1,0,0,1,0,0,0,0,0,0,0,0,0,0,0,0,0
741,Grimmsnarl-Gmax,861,95,120,65,95,75,60,Prankster,Frisk,Pickpocket,strong,0,1,0,0,1,0,0,0,0,0,0,0,0,0,0,0,0,0
742,Obstagoon,862,93,90,101,60,81,95,Reckless,Guts,Defiant,medium,0,1,0,0,0,0,0,0,0,0,0,0,1,0,0,0,0,0
743,Perrserker,863,70,110,100,50,60,50,Battle Armor,Tough Claws,Steely Spirit,weak,0,0,0,0,0,0,0,0,0,0,0,0,0,0,0,0,1,0
744,Cursola,864,60,95,50,145,130,30,Weak Armor,none,Perish Body,weak,0,0,0,0,0,0,0,0,1,0,0,0,0,0,0,0,0,0
745,Sirfetch’d,865,62,135,95,68,82,65,Steadfast,none,Scrappy,medium,0,0,0,0,0,1,0,0,0,0,0,0,0,0,0,0,0,0
746,Mr. Rime,866,80,85,75,110,100,70,Tangled Feet,Screen Cleaner,Ice Body,weak,0,0,0,0,0,0,0,0,0,0,0,1,0,0,1,0,0,0
747,Runerigus,867,58,95,145,50,105,30,Wandering Spirit,none,none,weak,0,0,0,0,0,0,0,0,1,0,1,0,0,0,0,0,0,0
748,Milcery,868,45,40,40,50,61,34,Sweet Veil,none,Aroma Veil,weak,0,0,0,0,1,0,0,0,0,0,0,0,0,0,0,0,0,0
749,Alcremie,869,65,60,75,110,121,64,Sweet Veil,none,Aroma Veil,weak,0,0,0,0,1,0,0,0,0,0,0,0,0,0,0,0,0,0
750,Alcremie-Gmax,869,65,60,75,110,121,64,Sweet Veil,none,Aroma Veil,strong,0,0,0,0,1,0,0,0,0,0,0,0,0,0,0,0,0,0
751,Falinks,870,65,100,100,70,60,75,Battle Armor,none,Defiant,weak,0,0,0,0,0,1,0,0,0,0,0,0,0,0,0,0,0,0
752,Pincurchin,871,48,101,95,91,85,15,Lightning Rod,none,Electric Surge,weak,0,0,0,1,0,0,0,0,0,0,0,0,0,0,0,0,0,0
753,Snom,872,30,25,35,45,30,20,Shield Dust,none,Ice Scales,weak,1,0,0,0,0,0,0,0,0,0,0,1,0,0,0,0,0,0
754,Frosmoth,873,70,65,60,125,90,65,Shield Dust,none,Ice Scales,weak,1,0,0,0,0,0,0,0,0,0,0,1,0,0,0,0,0,0
755,Stonjourner,874,100,125,135,20,20,70,Power Spot,none,none,weak,0,0,0,0,0,0,0,0,0,0,0,0,0,0,0,1,0,0
756,Eiscue,875,75,80,110,65,90,50,Ice Face,none,none,weak,0,0,0,0,0,0,0,0,0,0,0,1,0,0,0,0,0,0
757,Indeedee,876,60,65,55,105,95,95,Inner Focus,Synchronize,Psychic Surge,medium,0,0,0,0,0,0,0,0,0,0,0,0,1,0,1,0,0,0
758,Indeedee-F,876,70,55,65,95,105,85,Own Tempo,Synchronize,Psychic Surge,weak,0,0,0,0,0,0,0,0,0,0,0,0,1,0,1,0,0,0
759,Morpeko,877,58,95,58,70,58,97,Hunger Switch,none,none,weak,0,1,0,1,0,0,0,0,0,0,0,0,0,0,0,0,0,0
760,Cufant,878,72,80,49,40,49,40,Sheer Force,none,Heavy Metal,weak,0,0,0,0,0,0,0,0,0,0,0,0,0,0,0,0,1,0
761,Copperajah,879,122,130,69,80,69,30,Sheer Force,none,Heavy Metal,medium,0,0,0,0,0,0,0,0,0,0,0,0,0,0,0,0,1,0
762,Copperajah-Gmax,879,122,130,69,80,69,30,Sheer Force,none,Heavy Metal,strong,0,0,0,0,0,0,0,0,0,0,0,0,0,0,0,0,1,0
763,Dracozolt,880,90,100,90,80,70,75,Volt Absorb,Hustle,Sand Rush,strong,0,0,1,1,0,0,0,0,0,0,0,0,0,0,0,0,0,0
764,Arctozolt,881,90,100,90,90,80,55,Volt Absorb,Static,Slush Rush,medium,0,0,0,1,0,0,0,0,0,0,0,1,0,0,0,0,0,0
765,Dracovish,882,90,90,100,70,80,75,Water Absorb,Strong Jaw,Sand Rush,strong,0,0,1,0,0,0,0,0,0,0,0,0,0,0,0,0,0,1
766,Arctovish,883,90,90,100,80,90,55,Water Absorb,Ice Body,Slush Rush,weak,0,0,0,0,0,0,0,0,0,0,0,1,0,0,0,0,0,1
767,Duraludon,884,70,95,115,120,50,85,Light Metal,Heavy Metal,Stalwart,weak,0,0,1,0,0,0,0,0,0,0,0,0,0,0,0,0,1,0
768,Duraludon-Gmax,884,70,95,115,120,50,85,Light Metal,Heavy Metal,Stalwart,strong,0,0,1,0,0,0,0,0,0,0,0,0,0,0,0,0,1,0
769,Dreepy,885,28,60,30,40,30,82,Clear Body,Infiltrator,Cursed Body,weak,0,0,1,0,0,0,0,0,1,0,0,0,0,0,0,0,0,0
770,Drakloak,886,68,80,50,60,50,102,Clear Body,Infiltrator,Cursed Body,weak,0,0,1,0,0,0,0,0,1,0,0,0,0,0,0,0,0,0
771,Dragapult,887,88,120,75,100,75,142,Clear Body,Infiltrator,Cursed Body,strong,0,0,1,0,0,0,0,0,1,0,0,0,0,0,0,0,0,0
772,Zacian,888,92,130,115,80,115,138,Intrepid Sword,none,none,strong,0,0,0,0,1,0,0,0,0,0,0,0,0,0,0,0,0,0
773,Zacian-Crowned,888,92,170,115,80,115,148,Intrepid Sword,none,none,strong,0,0,0,0,1,0,0,0,0,0,0,0,0,0,0,0,1,0
774,Zamazenta,889,92,130,115,80,115,138,Dauntless Shield,none,none,strong,0,0,0,0,0,1,0,0,0,0,0,0,0,0,0,0,0,0
775,Zamazenta-Crowned,889,92,130,145,80,145,128,Dauntless Shield,none,none,strong,0,0,0,0,0,1,0,0,0,0,0,0,0,0,0,0,1,0
776,Eternatus,890,140,85,95,145,95,130,Pressure,none,none,strong,0,0,1,0,0,0,0,0,0,0,0,0,0,1,0,0,0,0
777,Kubfu,891,60,90,60,53,50,72,Inner Focus,none,none,weak,0,0,0,0,0,1,0,0,0,0,0,0,0,0,0,0,0,0
778,Urshifu,892,100,130,100,63,60,97,Unseen Fist,none,none,strong,0,1,0,0,0,1,0,0,0,0,0,0,0,0,0,0,0,0
779,Urshifu-Rapid-Strike,892,100,130,100,63,60,97,Unseen Fist,none,none,strong,0,0,0,0,0,1,0,0,0,0,0,0,0,0,0,0,0,1
780,Urshifu-Gmax,892,100,130,100,63,60,97,Unseen Fist,none,none,strong,0,1,0,0,0,1,0,0,0,0,0,0,0,0,0,0,0,0
781,Urshifu-Rapid-Strike-Gmax,892,100,130,100,63,60,97,Unseen Fist,none,none,strong,0,0,0,0,0,1,0,0,0,0,0,0,0,0,0,0,0,1
782,Zarude,893,105,120,105,70,95,105,Leaf Guard,none,none,medium,0,1,0,0,0,0,0,0,0,1,0,0,0,0,0,0,0,0
783,Regieleki,894,80,100,50,100,50,200,Transistor,none,none,strong,0,0,0,1,0,0,0,0,0,0,0,0,0,0,0,0,0,0
784,Regidrago,895,200,100,50,100,50,80,Dragon's Maw,none,none,medium,0,0,1,0,0,0,0,0,0,0,0,0,0,0,0,0,0,0
785,Glastrier,896,100,145,130,65,110,30,Chilling Neigh,none,none,medium,0,0,0,0,0,0,0,0,0,0,0,1,0,0,0,0,0,0
786,Spectrier,897,100,65,60,145,80,130,Grim Neigh,none,none,strong,0,0,0,0,0,0,0,0,1,0,0,0,0,0,0,0,0,0
787,Calyrex,898,100,80,80,80,80,80,Unnerve,none,none,weak,0,0,0,0,0,0,0,0,0,1,0,0,0,0,1,0,0,0
788,Calyrex-Ice,898,100,165,150,85,130,50,As One (Glastrier),none,none,strong,0,0,0,0,0,0,0,0,0,0,0,1,0,0,1,0,0,0
789,Calyrex-Shadow,898,100,85,80,165,100,150,As One (Spectrier),none,none,strong,0,0,0,0,0,0,0,0,1,0,0,0,0,0,1,0,0,0
